2021-04-25 22:00:05.814000,4178.148,4177.443,610,1190
2021-04-25 22:00:06.145000,4178.063,4177.337,610,1190
2021-04-25 22:00:07.966000,4177.901,4177.233,2250,4190
2021-04-25 22:00:08.017000,4177.967,4177.245,2250,2250
2021-04-25 22:00:08.128000,4177.951,4177.342,460,2250
2021-04-25 22:00:08.178000,4178.058,4177.399,2250,2250
2021-04-25 22:00:08.750000,4177.558,4176.848,2250,4190
2021-04-25 22:00:08.801000,4177.561,4176.836,2250,2250
2021-04-25 22:00:09.408000,4177.551,4177.239,460,2250
2021-04-25 22:00:09.459000,4177.964,4177.245,2250,2250
2021-04-25 22:00:09.732000,4177.758,4177.042,2250,4190
2021-04-25 22:00:09.782000,4177.758,4177.033,2250,2250
2021-04-25 22:00:09.892000,4177.754,4177.254,460,2250
2021-04-25 22:00:09.942000,4177.958,4177.239,2250,2250
2021-04-25 22:00:10.055000,4177.761,4177.042,2250,4190
2021-04-25 22:00:10.105000,4177.701,4177.036,2250,2250
2021-04-25 22:00:10.215000,4177.748,4177.239,460,2250
2021-04-25 22:00:10.265000,4177.955,4177.233,2250,2250
2021-04-25 22:00:10.537000,4177.758,4177.036,2250,4190
2021-04-25 22:00:10.587000,4177.749,4177.033,2250,2250
2021-04-25 22:00:11.183000,4177.555,4176.845,2250,4190
2021-04-25 22:00:11.233000,4177.564,4176.899,2250,2250
2021-04-25 22:00:11.840000,4177.267,4176.548,2250,4190
2021-04-25 22:00:11.891000,4177.201,4176.545,2250,2250
2021-04-25 22:00:12.487000,4177.152,4176.454,2250,4190
2021-04-25 22:00:12.538000,4177.164,4176.433,2250,2250
2021-04-25 22:00:12.750000,4177.061,4176.333,2250,4190
2021-04-25 22:00:12.801000,4177.049,4176.336,2250,2250
2021-04-25 22:00:12.905000,4177.063,4176.742,460,2250
2021-04-25 22:00:12.956000,4177.458,4176.745,2250,2250
2021-04-25 22:00:13.065000,4177.555,4176.833,2250,2250
2021-04-25 22:00:13.549000,4177.457,4176.848,460,2250
2021-04-25 22:00:13.600000,4177.464,4176.748,2250,2250
2021-04-25 22:00:13.873000,4177.252,4176.539,2250,4190
2021-04-25 22:00:13.923000,4177.249,4176.539,2250,2250
2021-04-25 22:00:14.034000,4177.248,4176.899,460,2250
2021-04-25 22:00:14.084000,4177.564,4176.833,2250,2250
2021-04-25 22:00:14.196000,4177.458,4176.736,2250,4190
2021-04-25 22:00:14.246000,4177.458,4176.799,2250,2250
2021-04-25 22:00:14.680000,4177.254,4176.799,460,2250
2021-04-25 22:00:14.731000,4177.267,4176.599,2250,2250
2021-04-25 22:00:14.841000,4177.049,4176.354,2250,4190
2021-04-25 22:00:14.891000,4177.058,4176.351,2250,2250
2021-04-25 22:00:15.002000,4177.057,4176.545,460,2250
2021-04-25 22:00:15.052000,4177.249,4176.548,2250,2250
2021-04-25 22:00:15.163000,4177.06,4176.548,460,2250
2021-04-25 22:00:15.213000,4177.067,4176.348,2250,2250
2021-04-25 22:00:17.144000,4176.761,4176.036,2250,4190
2021-04-25 22:00:17.195000,4176.761,4176.048,2250,2250
2021-04-25 22:00:20.998000,4176.751,4176.345,460,2250
2021-04-25 22:00:21.048000,4177.001,4176.342,2250,2250
2021-04-25 22:00:21.709000,4176.967,4176.251,2250,4190
2021-04-25 22:00:21.760000,4176.946,4176.299,2250,2250
2021-04-25 22:00:22.348000,4176.758,4176.042,2250,4190
2021-04-25 22:00:22.398000,4176.701,4176.054,2250,2250
2021-04-25 22:00:22.509000,4176.754,4176.348,460,2250
2021-04-25 22:00:22.559000,4177.055,4176.348,2250,2250
2021-04-25 22:00:27.721000,4176.758,4176.099,2250,4190
2021-04-25 22:00:27.771000,4176.701,4176.039,2250,2250
2021-04-25 22:00:28.239000,4176.649,4175.954,2250,4190
2021-04-25 22:00:28.290000,4176.649,4175.945,2250,2250
2021-04-25 22:00:29.917000,4176.603,4176.039,460,2250
2021-04-25 22:00:29.967000,4176.752,4176.042,2250,2250
2021-04-25 22:00:32.456000,4176.646,4175.936,2250,4190
2021-04-25 22:00:32.506000,4176.667,4175.948,2250,2250
2021-04-25 22:00:33.725000,4176.669,4176.033,460,2250
2021-04-25 22:00:33.775000,4176.701,4176.054,2250,2250
2021-04-25 22:00:40.691000,4176.549,4175.899,2250,4190
2021-04-25 22:00:40.741000,4176.558,4175.833,2250,2250
2021-04-25 22:00:40.851000,4176.551,4175.936,460,2250
2021-04-25 22:00:40.901000,4176.649,4175.999,2250,2250
2021-04-25 22:00:41.013000,4176.501,4175.833,2250,4190
2021-04-25 22:00:41.064000,4176.558,4175.851,2250,2250
2021-04-25 22:00:41.939000,4176.446,4175.751,2250,4190
2021-04-25 22:00:41.989000,4176.401,4175.799,2250,2250
2021-04-25 22:00:44.832000,4176.466,4175.839,460,2250
2021-04-25 22:00:44.882000,4176.561,4175.842,2250,2250
2021-04-25 22:00:45.685000,4176.548,4176.054,460,2250
2021-04-25 22:00:45.735000,4176.755,4176.042,2250,2250
2021-04-25 22:00:46.623000,4176.76,4176.333,460,2250
2021-04-25 22:00:46.673000,4177.067,4176.339,2250,2250
2021-04-25 22:00:46.786000,4177.048,4176.442,460,2250
2021-04-25 22:00:46.836000,4177.158,4176.445,2250,2250
2021-04-25 22:00:46.946000,4177.055,4176.342,2250,4190
2021-04-25 22:00:46.996000,4177.061,4176.351,2250,2250
2021-04-25 22:00:47.107000,4176.903,4176.345,460,2250
2021-04-25 22:00:47.158000,4176.949,4176.245,2250,2250
2021-04-25 22:00:47.470000,4176.963,4176.433,460,2250
2021-04-25 22:00:47.521000,4177.149,4176.439,2250,2250
2021-04-25 22:00:47.949000,4177.103,4176.554,460,2250
2021-04-25 22:00:47.999000,4177.201,4176.554,2250,2250
2021-04-25 22:00:49.135000,4177.251,4176.739,460,2250
2021-04-25 22:00:49.186000,4177.467,4176.745,2250,2250
2021-04-25 22:00:49.368000,4177.403,4176.836,460,2250
2021-04-25 22:00:49.418000,4177.564,4176.845,2250,2250
2021-04-25 22:00:49.683000,4177.258,4176.539,2250,4190
2021-04-25 22:00:49.734000,4177.264,4176.548,2250,2250
2021-04-25 22:00:51.508000,4177.263,4176.742,460,2250
2021-04-25 22:00:51.559000,4177.449,4176.736,2250,2250
2021-04-25 22:00:51.671000,4177.469,4176.899,460,2250
2021-04-25 22:00:51.721000,4177.558,4176.836,2250,2250
2021-04-25 22:00:52.851000,4177.455,4176.745,2250,4190
2021-04-25 22:00:52.902000,4177.467,4176.799,2250,2250
2021-04-25 22:00:54.409000,4177.261,4176.551,2250,4190
2021-04-25 22:00:54.459000,4177.267,4176.551,2250,2250
2021-04-25 22:00:55.276000,4177.269,4176.745,460,2250
2021-04-25 22:00:55.327000,4177.446,4176.745,2250,2250
2021-04-25 22:00:56.048000,4177.264,4176.548,2250,4190
2021-04-25 22:00:56.098000,4177.258,4176.548,2250,2250
2021-04-25 22:00:56.585000,4177.146,4176.454,2250,4190
2021-04-25 22:00:56.635000,4177.149,4176.433,2250,2250
2021-04-25 22:00:57.176000,4177.058,4176.345,2250,4190
2021-04-25 22:00:57.226000,4177.049,4176.339,2250,2250
2021-04-25 22:00:57.338000,4177.057,4176.436,460,2250
2021-04-25 22:00:57.388000,4177.155,4176.448,2250,2250
2021-04-25 22:00:58.082000,4177.169,4176.533,460,2250
2021-04-25 22:00:58.132000,4177.246,4176.539,2250,2250
2021-04-25 22:01:00.196000,4177.257,4176.754,460,2250
2021-04-25 22:01:00.246000,4177.401,4176.742,2250,2250
2021-04-25 22:01:00.519000,4177.457,4176.839,460,2250
2021-04-25 22:01:00.570000,4177.501,4176.842,2250,2250
2021-04-25 22:01:00.681000,4177.455,4176.745,2250,4190
2021-04-25 22:01:00.732000,4177.449,4176.751,2250,2250
2021-04-25 22:01:01.005000,4177.055,4176.399,2250,4190
2021-04-25 22:01:01.055000,4177.052,4176.351,2250,2250
2021-04-25 22:01:01.166000,4177.057,4176.548,460,2250
2021-04-25 22:01:01.216000,4177.201,4176.599,2250,2250
2021-04-25 22:01:01.336000,4177.264,4176.551,2250,4190
2021-04-25 22:01:01.386000,4177.467,4176.745,2250,2250
2021-04-25 22:01:01.661000,4177.469,4176.845,460,2250
2021-04-25 22:01:01.712000,4177.452,4176.799,2250,2250
2021-04-25 22:01:03.105000,4177.258,4176.545,2250,2250
2021-04-25 22:01:03.590000,4177.152,4176.451,2250,4190
2021-04-25 22:01:03.640000,4177.164,4176.433,2250,2250
2021-04-25 22:01:04.348000,4177.166,4176.599,460,2250
2021-04-25 22:01:04.399000,4177.267,4176.551,2250,2250
2021-04-25 22:01:04.507000,4177.058,4176.339,2250,4190
2021-04-25 22:01:04.557000,4177.052,4176.336,2250,2250
2021-04-25 22:01:04.672000,4177.058,4176.339,2250,4190
2021-04-25 22:01:04.722000,4177.261,4176.542,2250,2250
2021-04-25 22:01:05.007000,4177.149,4176.499,2250,4190
2021-04-25 22:01:05.058000,4177.149,4176.445,2250,2250
2021-04-25 22:01:05.331000,4177.163,4176.851,460,2250
2021-04-25 22:01:05.382000,4177.564,4176.848,2250,2250
2021-04-25 22:01:06.985000,4177.246,4176.599,2250,4190
2021-04-25 22:01:07.035000,4177.267,4176.539,2250,2250
2021-04-25 22:01:08.667000,4177.254,4176.836,460,2250
2021-04-25 22:01:08.718000,4177.564,4176.833,2250,2250
2021-04-25 22:01:09.918000,4177.564,4176.848,2250,4190
2021-04-25 22:01:09.968000,4177.664,4176.936,2250,2250
2021-04-25 22:01:10.075000,4177.555,4176.839,2250,4190
2021-04-25 22:01:10.125000,4177.558,4176.845,2250,2250
2021-04-25 22:01:10.236000,4177.563,4176.942,460,2250
2021-04-25 22:01:10.286000,4177.652,4176.936,2250,2250
2021-04-25 22:01:10.397000,4177.664,4176.954,2250,4190
2021-04-25 22:01:10.448000,4177.758,4177.042,2250,2250
2021-04-25 22:01:10.556000,4177.655,4176.945,2250,4190
2021-04-25 22:01:10.607000,4177.661,4176.945,2250,2250
2021-04-25 22:01:11.987000,4177.546,4176.833,2250,2250
2021-04-25 22:01:12.149000,4177.551,4176.939,460,2250
2021-04-25 22:01:12.200000,4177.652,4176.948,2250,2250
2021-04-25 22:01:12.468000,4177.654,4177.042,460,2250
2021-04-25 22:01:12.519000,4177.746,4177.048,2250,2250
2021-04-25 22:01:13.341000,4177.501,4176.845,2250,4190
2021-04-25 22:01:13.391000,4177.564,4176.833,2250,2250
2021-04-25 22:01:13.501000,4177.566,4177.036,460,2250
2021-04-25 22:01:13.552000,4177.767,4177.033,2250,2250
2021-04-25 22:01:14.433000,4177.558,4176.839,2250,4190
2021-04-25 22:01:14.484000,4177.564,4176.836,2250,2250
2021-04-25 22:01:18.343000,4177.566,4176.951,460,2250
2021-04-25 22:01:18.393000,4177.646,4176.936,2250,2250
2021-04-25 22:01:20.227000,4177.552,4176.848,2250,4190
2021-04-25 22:01:20.278000,4177.567,4176.899,2250,2250
2021-04-25 22:01:21.039000,4177.569,4176.999,460,2250
2021-04-25 22:01:21.089000,4177.649,4176.945,2250,2250
2021-04-25 22:01:21.554000,4177.555,4176.848,2250,4190
2021-04-25 22:01:21.605000,4177.558,4176.842,2250,2250
2021-04-25 22:01:22.540000,4177.569,4177.036,460,2250
2021-04-25 22:01:22.591000,4177.758,4177.048,2250,2250
2021-04-25 22:01:22.703000,4177.548,4177.042,460,2250
2021-04-25 22:01:22.753000,4177.546,4176.848,2250,2250
2021-04-25 22:01:23.231000,4177.548,4176.945,460,2250
2021-04-25 22:01:23.281000,4177.655,4176.999,2250,2250
2021-04-25 22:01:24.334000,4177.648,4177.099,460,2250
2021-04-25 22:01:24.385000,4177.767,4177.048,2250,2250
2021-04-25 22:01:27.408000,4177.766,4177.254,460,2250
2021-04-25 22:01:27.458000,4177.967,4177.251,2250,2250
2021-04-25 22:01:27.729000,4177.758,4177.039,2250,4190
2021-04-25 22:01:27.779000,4177.749,4177.054,2250,2250
2021-04-25 22:01:31.320000,4177.763,4177.351,460,2250
2021-04-25 22:01:31.371000,4178.046,4177.333,2250,2250
2021-04-25 22:01:32.439000,4178.057,4177.536,460,2250
2021-04-25 22:01:32.489000,4178.201,4177.545,2250,2250
2021-04-25 22:01:32.601000,4178.055,4177.342,2250,4190
2021-04-25 22:01:32.651000,4178.001,4177.345,2250,2250
2021-04-25 22:01:33.602000,4178.054,4177.439,460,2250
2021-04-25 22:01:33.652000,4178.158,4177.433,2250,2250
2021-04-25 22:01:33.763000,4178.169,4177.599,460,2250
2021-04-25 22:01:33.813000,4178.267,4177.599,2250,2250
2021-04-25 22:01:34.185000,4178.001,4177.339,2250,4190
2021-04-25 22:01:34.235000,4178.049,4177.342,2250,2250
2021-04-25 22:01:34.656000,4178.063,4177.545,460,2250
2021-04-25 22:01:34.706000,4178.261,4177.551,2250,2250
2021-04-25 22:01:35.626000,4178.248,4177.839,460,2250
2021-04-25 22:01:35.676000,4178.555,4177.845,2250,2250
2021-04-25 22:01:36.239000,4178.258,4177.533,2250,4190
2021-04-25 22:01:36.290000,4178.249,4177.554,2250,2250
2021-04-25 22:01:37.109000,4178.251,4177.851,460,2250
2021-04-25 22:01:37.159000,4178.558,4177.842,2250,2250
2021-04-25 22:01:44.418000,4178.246,4177.551,2250,4190
2021-04-25 22:01:44.468000,4178.255,4177.599,2250,2250
2021-04-25 22:01:44.578000,4178.203,4177.736,460,2250
2021-04-25 22:01:44.628000,4178.464,4177.742,2250,2250
2021-04-25 22:01:44.740000,4178.469,4177.851,460,2250
2021-04-25 22:01:44.790000,4178.558,4177.851,2250,2250
2021-04-25 22:01:45.229000,4178.267,4177.533,2250,4190
2021-04-25 22:01:45.279000,4178.267,4177.533,2250,2250
2021-04-25 22:01:47.536000,4178.06,4177.533,460,2250
2021-04-25 22:01:47.586000,4178.001,4177.348,2250,2250
2021-04-25 22:01:48.503000,4177.764,4177.039,2250,4190
2021-04-25 22:01:48.553000,4177.746,4177.045,2250,2250
2021-04-25 22:01:52.364000,4177.751,4177.399,460,2250
2021-04-25 22:01:52.415000,4178.049,4177.345,2250,2250
2021-04-25 22:01:54.599000,4178.061,4177.354,2250,4190
2021-04-25 22:01:54.649000,4178.261,4177.542,2250,2250
2021-04-25 22:01:57.846000,4178.046,4177.348,2250,4190
2021-04-25 22:01:57.896000,4178.001,4177.333,2250,2250
2021-04-25 22:01:58.182000,4178.063,4177.533,460,2250
2021-04-25 22:01:58.232000,4178.267,4177.548,2250,2250
2021-04-25 22:02:03.116000,4178.26,4177.733,460,2250
2021-04-25 22:02:03.166000,4178.461,4177.736,2250,2250
2021-04-25 22:02:03.278000,4178.261,4177.554,2250,4190
2021-04-25 22:02:03.329000,4178.267,4177.536,2250,2250
2021-04-25 22:02:03.641000,4178.26,4177.754,460,2250
2021-04-25 22:02:03.691000,4178.449,4177.754,2250,2250
2021-04-25 22:02:03.806000,4178.448,4177.833,460,2250
2021-04-25 22:02:03.857000,4178.546,4177.899,2250,2250
2021-04-25 22:02:03.963000,4178.258,4177.533,2250,4190
2021-04-25 22:02:04.013000,4178.267,4177.599,2250,2250
2021-04-25 22:02:04.582000,4178.266,4177.839,460,2250
2021-04-25 22:02:04.632000,4178.546,4177.851,2250,2250
2021-04-25 22:02:04.906000,4178.255,4177.533,2250,4190
2021-04-25 22:02:04.957000,4178.249,4177.548,2250,2250
2021-04-25 22:02:05.443000,4178.251,4177.851,460,2250
2021-04-25 22:02:05.493000,4178.555,4177.833,2250,2250
2021-04-25 22:02:06.182000,4178.258,4177.536,2250,4190
2021-04-25 22:02:06.232000,4178.201,4177.548,2250,2250
2021-04-25 22:02:11.365000,4178.257,4177.733,460,2250
2021-04-25 22:02:11.415000,4178.452,4177.736,2250,2250
2021-04-25 22:02:12.170000,4178.252,4177.599,2250,4190
2021-04-25 22:02:12.220000,4178.255,4177.542,2250,2250
2021-04-25 22:02:12.545000,4178.203,4177.754,460,2250
2021-04-25 22:02:12.595000,4178.455,4177.736,2250,2250
2021-04-25 22:02:12.704000,4178.255,4177.551,2250,4190
2021-04-25 22:02:12.754000,4178.264,4177.533,2250,2250
2021-04-25 22:02:18.002000,4178.251,4177.899,460,2250
2021-04-25 22:02:18.053000,4178.546,4177.899,2250,2250
2021-04-25 22:02:18.440000,4178.467,4177.739,2250,4190
2021-04-25 22:02:18.491000,4178.446,4177.748,2250,2250
2021-04-25 22:02:19.202000,4178.264,4177.539,2250,4190
2021-04-25 22:02:19.252000,4178.258,4177.548,2250,2250
2021-04-25 22:02:19.360000,4178.203,4177.851,460,2250
2021-04-25 22:02:19.410000,4178.564,4177.836,2250,2250
2021-04-25 22:02:20.703000,4178.246,4177.548,2250,4190
2021-04-25 22:02:20.753000,4178.267,4177.599,2250,2250
2021-04-25 22:02:22.444000,4178.251,4177.739,460,2250
2021-04-25 22:02:22.495000,4178.446,4177.754,2250,2250
2021-04-25 22:02:22.794000,4178.26,4177.742,460,2250
2021-04-25 22:02:22.844000,4178.258,4177.545,2250,2250
2021-04-25 22:02:34.358000,4178.257,4177.839,460,2250
2021-04-25 22:02:34.408000,4178.567,4177.839,2250,2250
2021-04-25 22:02:35.763000,4178.252,4177.545,2250,4190
2021-04-25 22:02:35.814000,4178.261,4177.554,2250,2250
2021-04-25 22:02:36.418000,4178.251,4177.899,460,2250
2021-04-25 22:02:36.469000,4178.555,4177.899,2250,2250
2021-04-25 22:02:36.582000,4178.401,4177.751,2250,4190
2021-04-25 22:02:36.632000,4178.467,4177.745,2250,2250
2021-04-25 22:02:37.481000,4178.451,4177.833,460,2250
2021-04-25 22:02:37.531000,4178.546,4177.899,2250,2250
2021-04-25 22:02:37.643000,4178.267,4177.554,2250,4190
2021-04-25 22:02:37.693000,4178.261,4177.548,2250,2250
2021-04-25 22:02:38.027000,4178.263,4177.733,460,2250
2021-04-25 22:02:38.077000,4178.458,4177.742,2250,2250
2021-04-25 22:02:38.525000,4178.252,4177.539,2250,4190
2021-04-25 22:02:38.575000,4178.255,4177.545,2250,2250
2021-04-25 22:02:40.100000,4178.203,4177.848,460,2250
2021-04-25 22:02:40.150000,4178.564,4177.833,2250,2250
2021-04-25 22:02:40.261000,4178.264,4177.554,2250,4190
2021-04-25 22:02:40.312000,4178.258,4177.548,2250,2250
2021-04-25 22:02:56.545000,4178.263,4177.899,460,2250
2021-04-25 22:02:56.596000,4178.558,4177.899,2250,2250
2021-04-25 22:02:57.628000,4178.258,4177.542,2250,4190
2021-04-25 22:02:57.678000,4178.267,4177.551,2250,2250
2021-04-25 22:02:58.407000,4178.257,4177.739,460,2250
2021-04-25 22:02:58.458000,4178.458,4177.754,2250,2250
2021-04-25 22:02:58.620000,4178.448,4177.851,460,2250
2021-04-25 22:02:58.670000,4178.552,4177.836,2250,2250
2021-04-25 22:03:01.179000,4178.261,4177.533,2250,4190
2021-04-25 22:03:01.230000,4178.267,4177.554,2250,2250
2021-04-25 22:03:04.825000,4178.26,4177.842,460,2250
2021-04-25 22:03:04.876000,4178.552,4177.839,2250,2250
2021-04-25 22:03:20.811000,4178.557,4177.999,460,2250
2021-04-25 22:03:20.861000,4178.667,4177.999,2250,2250
2021-04-25 22:03:21.538000,4178.666,4178.033,460,2250
2021-04-25 22:03:21.588000,4178.767,4178.099,2250,2250
2021-04-25 22:03:27.230000,4178.961,4178.254,2250,2250
2021-04-25 22:03:27.396000,4178.963,4178.348,460,2250
2021-04-25 22:03:27.446000,4179.067,4178.348,2250,2250
2021-04-25 22:03:27.551000,4179.06,4178.551,460,2250
2021-04-25 22:03:27.601000,4179.258,4178.548,2250,2250
2021-04-25 22:03:27.886000,4179.164,4178.445,2250,4190
2021-04-25 22:03:27.936000,4179.101,4178.433,2250,2250
2021-04-25 22:03:28.035000,4179.154,4178.548,460,2250
2021-04-25 22:03:28.086000,4179.255,4178.539,2250,2250
2021-04-25 22:03:28.358000,4179.146,4178.499,2250,4190
2021-04-25 22:03:28.408000,4179.149,4178.445,2250,2250
2021-04-25 22:03:29.078000,4179.169,4178.599,460,2250
2021-04-25 22:03:29.128000,4179.246,4178.539,2250,2250
2021-04-25 22:03:29.687000,4179.152,4178.436,2250,4190
2021-04-25 22:03:29.738000,4179.155,4178.451,2250,2250
2021-04-25 22:03:30.006000,4179.151,4178.551,460,2250
2021-04-25 22:03:30.056000,4179.255,4178.548,2250,2250
2021-04-25 22:03:33.422000,4179.049,4178.348,2250,4190
2021-04-25 22:03:33.473000,4179.061,4178.351,2250,2250
2021-04-25 22:03:33.777000,4179.066,4178.548,460,2250
2021-04-25 22:03:33.827000,4179.246,4178.545,2250,2250
2021-04-25 22:03:35.930000,4179.546,4178.899,2250,2250
2021-04-25 22:03:40.750000,4179.569,4179.033,460,2250
2021-04-25 22:03:40.800000,4179.767,4179.051,2250,2250
2021-04-25 22:03:40.909000,4179.558,4178.899,2250,4190
2021-04-25 22:03:40.959000,4179.546,4178.839,2250,2250
2021-04-25 22:03:43.031000,4179.254,4178.839,460,2250
2021-04-25 22:03:43.082000,4179.255,4178.599,2250,2250
2021-04-25 22:03:52.795000,4179.266,4178.739,460,2250
2021-04-25 22:03:52.845000,4179.455,4178.799,2250,2250
2021-04-25 22:03:52.959000,4179.249,4178.554,2250,4190
2021-04-25 22:03:53.010000,4179.252,4178.539,2250,2250
2021-04-25 22:04:00.878000,4179.049,4178.339,2250,4190
2021-04-25 22:04:00.928000,4179.061,4178.345,2250,2250
2021-04-25 22:04:03.161000,4179.063,4178.451,460,2250
2021-04-25 22:04:03.212000,4179.167,4178.451,2250,2250
2021-04-25 22:04:03.322000,4179.151,4178.599,460,2250
2021-04-25 22:04:03.372000,4179.249,4178.551,2250,2250
2021-04-25 22:04:03.885000,4179.046,4178.399,2250,4190
2021-04-25 22:04:03.936000,4179.046,4178.333,2250,2250
2021-04-25 22:04:04.912000,4179.06,4178.533,460,2250
2021-04-25 22:04:04.962000,4179.267,4178.551,2250,2250
2021-04-25 22:04:05.070000,4179.146,4178.451,2250,4190
2021-04-25 22:04:05.120000,4179.149,4178.436,2250,2250
2021-04-25 22:04:05.991000,4179.151,4178.536,460,2250
2021-04-25 22:04:06.041000,4179.255,4178.539,2250,2250
2021-04-25 22:04:08.905000,4179.263,4178.739,460,2250
2021-04-25 22:04:08.956000,4179.455,4178.751,2250,2250
2021-04-25 22:04:09.066000,4179.255,4178.551,2250,4190
2021-04-25 22:04:09.116000,4179.264,4178.539,2250,2250
2021-04-25 22:04:09.574000,4179.263,4178.739,460,2250
2021-04-25 22:04:09.625000,4179.401,4178.754,2250,2250
2021-04-25 22:04:11.332000,4179.246,4178.548,2250,4190
2021-04-25 22:04:11.382000,4179.249,4178.545,2250,2250
2021-04-25 22:04:14.785000,4179.254,4178.851,460,2250
2021-04-25 22:04:14.835000,4179.549,4178.899,2250,2250
2021-04-25 22:04:16.334000,4179.252,4178.539,2250,4190
2021-04-25 22:04:16.384000,4179.261,4178.539,2250,2250
2021-04-25 22:04:24.239000,4179.155,4178.451,2250,4190
2021-04-25 22:04:24.289000,4179.161,4178.448,2250,2250
2021-04-25 22:04:24.400000,4179.049,4178.336,2250,4190
2021-04-25 22:04:24.450000,4179.049,4178.354,2250,2250
2021-04-25 22:04:24.794000,4179.06,4178.442,460,2250
2021-04-25 22:04:24.844000,4179.164,4178.454,2250,2250
2021-04-25 22:04:26.177000,4179.103,4178.542,460,2250
2021-04-25 22:04:26.227000,4179.267,4178.551,2250,2250
2021-04-25 22:04:30.755000,4179.152,4178.454,2250,4190
2021-04-25 22:04:30.806000,4179.101,4178.445,2250,2250
2021-04-25 22:04:31.394000,4179.169,4178.533,460,2250
2021-04-25 22:04:31.445000,4179.255,4178.554,2250,2250
2021-04-25 22:04:31.554000,4179.149,4178.448,2250,4190
2021-04-25 22:04:31.604000,4179.158,4178.442,2250,2250
2021-04-25 22:04:31.878000,4179.163,4178.599,460,2250
2021-04-25 22:04:31.928000,4179.267,4178.539,2250,2250
2021-04-25 22:05:04.421000,4179.055,4178.333,2250,4190
2021-04-25 22:05:04.471000,4179.046,4178.333,2250,2250
2021-04-25 22:05:11.193000,4179.069,4178.551,460,2250
2021-04-25 22:05:11.243000,4179.201,4178.536,2250,2250
2021-04-25 22:05:34.252000,4179.064,4178.339,2250,4190
2021-04-25 22:05:34.302000,4179.055,4178.348,2250,2250
2021-04-25 22:06:38.137000,4178.746,4178.051,2250,4190
2021-04-25 22:06:38.187000,4178.761,4178.054,2250,2250
2021-04-25 22:06:42.149000,4178.501,4177.854,2250,4190
2021-04-25 22:06:42.199000,4178.567,4177.836,2250,2250
2021-04-25 22:06:59.253000,4178.246,4177.542,2250,4190
2021-04-25 22:06:59.303000,4178.255,4177.542,2250,2250
2021-04-25 22:07:16.477000,4178.26,4177.845,460,2250
2021-04-25 22:07:16.527000,4178.546,4177.848,2250,2250
2021-04-25 22:07:17.088000,4178.267,4177.554,2250,4190
2021-04-25 22:07:17.138000,4178.201,4177.551,2250,2250
2021-04-25 22:07:41.670000,4178.055,4177.345,2250,4190
2021-04-25 22:07:41.721000,4178.001,4177.354,2250,2250
2021-04-25 22:07:49.133000,4178.057,4177.548,460,2250
2021-04-25 22:07:49.183000,4178.261,4177.536,2250,2250
2021-04-25 22:07:49.287000,4178.001,4177.336,2250,4190
2021-04-25 22:07:49.439000,4178.055,4177.333,2250,2250
2021-04-25 22:07:57.577000,4178.003,4177.445,460,2250
2021-04-25 22:07:57.627000,4178.167,4177.436,2250,2250
2021-04-25 22:07:57.889000,4178.154,4177.551,460,2250
2021-04-25 22:07:57.940000,4178.261,4177.533,2250,2250
2021-04-25 22:08:34.626000,4178.061,4177.354,2250,4190
2021-04-25 22:08:34.676000,4178.058,4177.399,2250,2250
2021-04-25 22:08:47.299000,4177.755,4177.054,2250,4190
2021-04-25 22:08:47.350000,4177.761,4177.033,2250,2250
2021-04-25 22:09:00.785000,4177.501,4176.842,2250,4190
2021-04-25 22:09:00.836000,4177.561,4176.842,2250,2250
2021-04-25 22:09:03.744000,4177.569,4177.048,460,2250
2021-04-25 22:09:03.795000,4177.761,4177.045,2250,2250
2021-04-25 22:09:03.906000,4177.658,4176.939,2250,2250
2021-04-25 22:09:05.318000,4177.648,4177.036,460,2250
2021-04-25 22:09:05.369000,4177.761,4177.042,2250,2250
2021-04-25 22:09:07.621000,4177.558,4176.848,2250,4190
2021-04-25 22:09:07.672000,4177.546,4176.842,2250,2250
2021-04-25 22:09:31.825000,4177.548,4177.099,460,2250
2021-04-25 22:09:31.875000,4177.749,4177.048,2250,2250
2021-04-25 22:09:45.030000,4177.558,4176.845,2250,4190
2021-04-25 22:09:45.081000,4177.567,4176.836,2250,2250
2021-04-25 22:10:04.324000,4177.252,4176.551,2250,4190
2021-04-25 22:10:04.374000,4177.267,4176.545,2250,2250
2021-04-25 22:10:22.236000,4177.061,4176.339,2250,4190
2021-04-25 22:10:22.287000,4177.061,4176.342,2250,2250
2021-04-25 22:10:28.514000,4176.755,4176.051,2250,4190
2021-04-25 22:10:28.565000,4176.752,4176.033,2250,2250
2021-04-25 22:10:36.896000,4176.601,4175.945,2250,4190
2021-04-25 22:10:36.946000,4176.664,4175.945,2250,2250
2021-04-25 22:10:37.686000,4176.66,4176.051,460,2250
2021-04-25 22:10:37.736000,4176.701,4176.036,2250,2250
2021-04-25 22:10:44.490000,4176.763,4176.354,460,2250
2021-04-25 22:10:44.541000,4177.058,4176.354,2250,2250
2021-04-25 22:10:53.041000,4176.701,4176.033,2250,4190
2021-04-25 22:10:53.091000,4176.749,4176.033,2250,2250
2021-04-25 22:10:53.195000,4176.76,4176.348,460,2250
2021-04-25 22:10:53.245000,4177.001,4176.345,2250,2250
2021-04-25 22:11:06.823000,4177.06,4176.854,460,2250
2021-04-25 22:11:06.874000,4177.564,4176.899,2250,2250
2021-04-25 22:11:06.984000,4177.255,4176.599,2250,4190
2021-04-25 22:11:07.034000,4177.261,4176.554,2250,2250
2021-04-25 22:11:07.960000,4177.251,4176.899,460,2250
2021-04-25 22:11:08.011000,4177.555,4176.836,2250,2250
2021-04-25 22:11:11.481000,4177.563,4177.039,460,2250
2021-04-25 22:11:11.532000,4177.752,4177.033,2250,2250
2021-04-25 22:11:11.642000,4177.567,4176.833,2250,4190
2021-04-25 22:11:11.692000,4177.555,4176.845,2250,2250
2021-04-25 22:11:17.214000,4177.001,4176.351,2250,4190
2021-04-25 22:11:17.265000,4177.052,4176.345,2250,2250
2021-04-25 22:11:17.372000,4177.003,4176.599,460,2250
2021-04-25 22:11:17.422000,4177.246,4176.554,2250,2250
2021-04-25 22:11:26.630000,4177.257,4176.842,460,2250
2021-04-25 22:11:26.681000,4177.546,4176.833,2250,2250
2021-04-25 22:11:30.222000,4177.246,4176.533,2250,4190
2021-04-25 22:11:30.273000,4177.267,4176.539,2250,2250
2021-04-25 22:11:51.259000,4177.257,4176.836,460,2250
2021-04-25 22:11:51.309000,4177.558,4176.854,2250,2250
2021-04-25 22:11:51.419000,4177.26,4176.899,460,2250
2021-04-25 22:11:51.470000,4177.255,4176.554,2250,2250
2021-04-25 22:12:48.242000,4177.055,4176.351,2250,4190
2021-04-25 22:12:48.293000,4177.064,4176.333,2250,2250
2021-04-25 22:13:11.607000,4176.767,4176.033,2250,4190
2021-04-25 22:13:11.658000,4176.767,4176.036,2250,2250
2021-04-25 22:13:13.099000,4176.549,4175.836,2250,4190
2021-04-25 22:13:13.149000,4176.501,4175.842,2250,2250
2021-04-25 22:13:29.246000,4176.56,4176.045,460,2250
2021-04-25 22:13:29.296000,4176.767,4176.033,2250,2250
2021-04-25 22:14:10.350000,4176.546,4175.839,2250,4190
2021-04-25 22:14:10.400000,4176.546,4175.854,2250,2250
2021-04-25 22:14:14.799000,4176.557,4176.045,460,2250
2021-04-25 22:14:14.849000,4176.755,4176.039,2250,2250
2021-04-25 22:14:27.403000,4176.501,4175.842,2250,4190
2021-04-25 22:14:27.454000,4176.558,4175.854,2250,2250
2021-04-25 22:14:29.888000,4176.554,4176.048,460,2250
2021-04-25 22:14:29.938000,4176.746,4176.039,2250,2250
2021-04-25 22:14:31.719000,4176.751,4176.336,460,2250
2021-04-25 22:14:31.769000,4177.046,4176.336,2250,2250
2021-04-25 22:14:52.036000,4177.051,4176.536,460,2250
2021-04-25 22:14:52.086000,4177.249,4176.536,2250,2250
2021-04-25 22:14:54.293000,4177.049,4176.354,2250,4190
2021-04-25 22:14:54.344000,4177.067,4176.342,2250,2250
2021-04-25 22:15:03.096000,4177.06,4176.542,460,2250
2021-04-25 22:15:03.146000,4177.255,4176.545,2250,2250
2021-04-25 22:15:10.689000,4177.266,4176.848,460,2250
2021-04-25 22:15:10.740000,4177.501,4176.848,2250,2250
2021-04-25 22:15:38.427000,4177.551,4177.051,460,2250
2021-04-25 22:15:38.477000,4177.767,4177.054,2250,2250
2021-04-25 22:15:39.235000,4177.646,4176.942,2250,4190
2021-04-25 22:15:39.286000,4177.664,4176.954,2250,2250
2021-04-25 22:15:39.999000,4177.546,4176.899,2250,4190
2021-04-25 22:15:40.049000,4177.546,4176.854,2250,2250
2021-04-25 22:15:54.426000,4177.566,4177.399,460,2250
2021-04-25 22:15:54.476000,4178.067,4177.351,2250,2250
2021-04-25 22:16:03.917000,4177.764,4177.051,2250,4190
2021-04-25 22:16:03.967000,4177.746,4177.036,2250,2250
2021-04-25 22:16:07.407000,4177.754,4177.239,460,2250
2021-04-25 22:16:07.457000,4177.961,4177.254,2250,2250
2021-04-25 22:16:11.047000,4177.767,4177.045,2250,4190
2021-04-25 22:16:11.098000,4177.746,4177.048,2250,2250
2021-04-25 22:16:38.757000,4177.757,4177.248,460,2250
2021-04-25 22:16:38.808000,4177.952,4177.242,2250,2250
2021-04-25 22:16:39.586000,4177.764,4177.045,2250,4190
2021-04-25 22:16:39.637000,4177.752,4177.048,2250,2250
2021-04-25 22:16:44.475000,4177.749,4177.051,2250,4190
2021-04-25 22:16:44.525000,4178.246,4177.536,2250,2250
2021-04-25 22:16:59.342000,4178.001,4177.336,2250,4190
2021-04-25 22:16:59.392000,4178.067,4177.333,2250,2250
2021-04-25 22:17:01.423000,4178.054,4177.545,460,2250
2021-04-25 22:17:01.473000,4178.261,4177.539,2250,2250
2021-04-25 22:17:03.173000,4178.055,4177.336,2250,4190
2021-04-25 22:17:03.223000,4178.052,4177.399,2250,2250
2021-04-25 22:17:06.220000,4178.069,4177.539,460,2250
2021-04-25 22:17:06.270000,4178.246,4177.533,2250,2250
2021-04-25 22:18:13.918000,4178.064,4177.348,2250,4190
2021-04-25 22:18:13.968000,4178.067,4177.336,2250,2250
2021-04-25 22:18:19.399000,4178.054,4177.545,460,2250
2021-04-25 22:18:19.450000,4178.261,4177.545,2250,2250
2021-04-25 22:18:23.578000,4178.067,4177.399,2250,4190
2021-04-25 22:18:23.629000,4178.064,4177.339,2250,2250
2021-04-25 22:18:26.987000,4178.048,4177.539,460,2250
2021-04-25 22:18:27.037000,4178.252,4177.599,2250,2250
2021-04-25 22:18:28.627000,4178.058,4177.354,2250,4190
2021-04-25 22:18:28.677000,4178.049,4177.342,2250,2250
2021-04-25 22:18:30.666000,4178.063,4177.433,460,2250
2021-04-25 22:18:30.717000,4178.158,4177.433,2250,2250
2021-04-25 22:18:31.154000,4178.154,4177.545,460,2250
2021-04-25 22:18:31.204000,4178.249,4177.539,2250,2250
2021-04-25 22:18:54.095000,4178.203,4177.839,460,2250
2021-04-25 22:18:54.146000,4178.501,4177.836,2250,2250
2021-04-25 22:19:58.759000,4178.257,4177.845,460,2250
2021-04-25 22:19:58.809000,4178.255,4177.551,2250,2250
2021-04-25 22:20:16.787000,4178.263,4177.842,460,2250
2021-04-25 22:20:16.838000,4178.546,4177.851,2250,2250
2021-04-25 22:21:02.794000,4178.569,4178.048,460,2250
2021-04-25 22:21:02.845000,4178.746,4178.051,2250,2250
2021-04-25 22:21:12.032000,4178.552,4177.854,2250,4190
2021-04-25 22:21:12.082000,4178.555,4177.848,2250,2250
2021-04-25 22:21:13.098000,4178.601,4177.933,2250,2250
2021-04-25 22:21:13.698000,4178.555,4177.851,2250,4190
2021-04-25 22:21:13.748000,4178.501,4177.842,2250,2250
2021-04-25 22:21:15.652000,4178.551,4178.054,460,2250
2021-04-25 22:21:15.703000,4178.761,4178.048,2250,2250
2021-04-25 22:22:10.097000,4178.769,4178.248,460,2250
2021-04-25 22:22:10.148000,4178.961,4178.239,2250,2250
2021-04-25 22:22:10.478000,4178.749,4178.033,2250,4190
2021-04-25 22:22:10.529000,4178.764,4178.042,2250,2250
2021-04-25 22:22:21.786000,4178.748,4178.245,460,2250
2021-04-25 22:22:21.836000,4178.958,4178.251,2250,2250
2021-04-25 22:22:22.117000,4178.957,4178.354,460,2250
2021-04-25 22:22:22.167000,4179.058,4178.333,2250,2250
2021-04-25 22:22:54.368000,4179.048,4178.539,460,2250
2021-04-25 22:22:54.418000,4179.264,4178.542,2250,2250
2021-04-25 22:22:57.250000,4179.064,4178.354,2250,4190
2021-04-25 22:22:57.300000,4179.049,4178.354,2250,2250
2021-04-25 22:24:26.523000,4178.701,4178.045,2250,2250
2021-04-25 22:24:30.163000,4178.766,4178.533,460,2250
2021-04-25 22:24:30.213000,4179.264,4178.533,2250,2250
2021-04-25 22:24:30.323000,4179.046,4178.345,2250,4190
2021-04-25 22:24:30.373000,4179.064,4178.342,2250,2250
2021-04-25 22:24:30.834000,4179.069,4178.545,460,2250
2021-04-25 22:24:30.884000,4179.255,4178.599,2250,2250
2021-04-25 22:24:44.108000,4179.058,4178.333,2250,4190
2021-04-25 22:24:44.158000,4179.055,4178.345,2250,2250
2021-04-25 22:27:19.427000,4178.764,4178.099,2250,4190
2021-04-25 22:27:19.477000,4178.767,4178.045,2250,2250
2021-04-25 22:27:57.049000,4178.76,4178.399,460,2250
2021-04-25 22:27:57.100000,4179.064,4178.354,2250,2250
2021-04-25 22:28:58.500000,4179.003,4178.536,460,2250
2021-04-25 22:28:58.550000,4179.252,4178.533,2250,2250
2021-04-25 22:29:38.497000,4179.061,4178.399,2250,4190
2021-04-25 22:29:38.547000,4179.049,4178.342,2250,2250
2021-04-25 22:30:00.677000,4179.051,4178.542,460,2250
2021-04-25 22:30:00.729000,4179.267,4178.542,2250,2250
2021-04-25 22:30:01.873000,4179.064,4178.348,2250,4190
2021-04-25 22:30:01.923000,4179.064,4178.339,2250,2250
2021-04-25 22:30:49.229000,4179.067,4178.399,2250,4190
2021-04-25 22:30:49.279000,4179.246,4178.554,2250,2250
2021-04-25 22:31:48.943000,4179.549,4178.839,2250,2250
2021-04-25 22:32:07.832000,4179.554,4179.048,460,2250
2021-04-25 22:32:07.882000,4179.746,4179.099,2250,2250
2021-04-25 22:32:10.400000,4179.754,4179.345,460,2250
2021-04-25 22:32:10.451000,4180.067,4179.399,2250,2250
2021-04-25 22:32:15.959000,4179.764,4179.054,2250,4190
2021-04-25 22:32:16.010000,4179.701,4179.042,2250,2250
2021-04-25 22:32:18.723000,4179.748,4179.342,460,2250
2021-04-25 22:32:18.773000,4180.046,4179.354,2250,2250
2021-04-25 22:32:26.425000,4180.051,4179.551,460,2250
2021-04-25 22:32:26.476000,4180.261,4179.542,2250,2250
2021-04-25 22:32:34.119000,4180.254,4179.836,460,2250
2021-04-25 22:32:34.170000,4180.549,4179.836,2250,2250
2021-04-25 22:32:34.735000,4180.551,4180.045,460,2250
2021-04-25 22:32:34.786000,4180.767,4180.048,2250,2250
2021-04-25 22:32:36.340000,4180.552,4179.845,2250,4190
2021-04-25 22:32:36.390000,4180.564,4179.839,2250,2250
2021-04-25 22:32:36.498000,4180.569,4180.099,460,2250
2021-04-25 22:32:36.549000,4180.758,4180.051,2250,2250
2021-04-25 22:32:37.536000,4180.567,4179.839,2250,4190
2021-04-25 22:32:37.586000,4180.558,4179.836,2250,2250
2021-04-25 22:32:39.063000,4180.548,4180.033,460,2250
2021-04-25 22:32:39.113000,4180.764,4180.039,2250,2250
2021-04-25 22:32:58.278000,4180.549,4179.836,2250,4190
2021-04-25 22:32:58.328000,4180.549,4179.842,2250,2250
2021-04-25 22:33:00.914000,4180.257,4179.833,460,2250
2021-04-25 22:33:00.965000,4180.264,4179.542,2250,2250
2021-04-25 22:33:06.930000,4180.258,4179.539,2250,4190
2021-04-25 22:33:06.980000,4180.549,4179.899,2250,2250
2021-04-25 22:33:08.180000,4180.254,4179.845,460,2250
2021-04-25 22:33:08.230000,4180.261,4179.548,2250,2250
2021-04-25 22:33:16.542000,4180.048,4179.533,460,2250
2021-04-25 22:33:16.593000,4180.058,4179.399,2250,2250
2021-04-25 22:33:48.019000,4179.749,4179.033,2250,4190
2021-04-25 22:33:48.069000,4179.758,4179.033,2250,2250
2021-04-25 22:33:58.693000,4179.751,4179.354,460,2250
2021-04-25 22:33:58.743000,4180.001,4179.339,2250,2250
2021-04-25 22:33:59.144000,4179.752,4179.054,2250,4190
2021-04-25 22:33:59.194000,4179.749,4179.051,2250,2250
2021-04-25 22:34:11.924000,4179.76,4179.399,460,2250
2021-04-25 22:34:11.974000,4180.055,4179.351,2250,2250
2021-04-25 22:35:04.850000,4179.767,4179.033,2250,4190
2021-04-25 22:35:04.900000,4179.749,4179.033,2250,2250
2021-04-25 22:35:08.545000,4179.757,4179.242,460,2250
2021-04-25 22:35:08.595000,4179.949,4179.242,2250,2250
2021-04-25 22:35:08.963000,4179.764,4179.033,2250,4190
2021-04-25 22:35:09.014000,4179.761,4179.099,2250,2250
2021-04-25 22:35:10.441000,4179.769,4179.299,460,2250
2021-04-25 22:35:10.491000,4179.955,4179.236,2250,2250
2021-04-25 22:35:11.344000,4179.957,4179.336,460,2250
2021-04-25 22:35:11.395000,4180.061,4179.333,2250,2250
2021-04-25 22:35:11.831000,4179.703,4179.339,460,2250
2021-04-25 22:35:11.881000,4179.767,4179.042,2250,2250
2021-04-25 22:35:12.036000,4179.703,4179.348,460,2250
2021-04-25 22:35:12.087000,4180.001,4179.399,2250,2250
2021-04-25 22:35:44.944000,4180.057,4179.542,460,2250
2021-04-25 22:35:44.994000,4180.264,4179.548,2250,2250
2021-04-25 22:36:32.915000,4180.057,4179.548,460,2250
2021-04-25 22:36:32.966000,4180.046,4179.354,2250,2250
2021-04-25 22:36:59.811000,4180.048,4179.551,460,2250
2021-04-25 22:36:59.861000,4180.261,4179.542,2250,2250
2021-04-25 22:37:00.650000,4180.052,4179.333,2250,4190
2021-04-25 22:37:00.700000,4180.001,4179.339,2250,2250
2021-04-25 22:37:08.827000,4180.048,4179.445,460,2250
2021-04-25 22:37:08.877000,4180.155,4179.439,2250,2250
2021-04-25 22:37:09.132000,4180.163,4179.548,460,2250
2021-04-25 22:37:09.184000,4180.201,4179.551,2250,2250
2021-04-25 22:38:09.101000,4180.046,4179.342,2250,4190
2021-04-25 22:38:09.152000,4180.052,4179.348,2250,2250
2021-04-25 22:39:14.369000,4180.057,4179.545,460,2250
2021-04-25 22:39:14.419000,4180.201,4179.539,2250,2250
2021-04-25 22:40:20.253000,4180.057,4179.551,460,2250
2021-04-25 22:40:20.304000,4180.058,4179.354,2250,2250
2021-04-25 22:40:20.418000,4180.06,4179.545,460,2250
2021-04-25 22:40:20.468000,4180.267,4179.536,2250,2250
2021-04-25 22:40:21.430000,4180.067,4179.351,2250,4190
2021-04-25 22:40:21.481000,4180.055,4179.348,2250,2250
2021-04-25 22:41:31.229000,4179.751,4179.339,460,2250
2021-04-25 22:41:31.280000,4179.749,4179.033,2250,2250
2021-04-25 22:41:53.528000,4179.754,4179.336,460,2250
2021-04-25 22:41:53.578000,4180.052,4179.348,2250,2250
2021-04-25 22:42:33.622000,4180.054,4179.499,460,2250
2021-04-25 22:42:33.673000,4180.149,4179.433,2250,2250
2021-04-25 22:42:34.960000,4180.049,4179.348,2250,4190
2021-04-25 22:42:35.010000,4180.049,4179.339,2250,2250
2021-04-25 22:42:37.403000,4180.063,4179.448,460,2250
2021-04-25 22:42:37.454000,4180.158,4179.439,2250,2250
2021-04-25 22:42:39.203000,4180.067,4179.348,2250,4190
2021-04-25 22:42:39.254000,4180.049,4179.339,2250,2250
2021-04-25 22:42:42.102000,4180.001,4179.351,2250,4190
2021-04-25 22:42:42.153000,4180.258,4179.542,2250,2250
2021-04-25 22:42:46.101000,4180.064,4179.348,2250,4190
2021-04-25 22:42:46.151000,4180.052,4179.339,2250,2250
2021-04-25 22:42:46.450000,4180.069,4179.442,460,2250
2021-04-25 22:42:46.500000,4180.149,4179.442,2250,2250
2021-04-25 22:42:47.797000,4180.149,4179.451,2250,4190
2021-04-25 22:42:47.847000,4180.255,4179.533,2250,2250
2021-04-25 22:42:51.451000,4180.049,4179.336,2250,4190
2021-04-25 22:42:51.501000,4180.052,4179.354,2250,2250
2021-04-25 22:42:55.520000,4180.051,4179.545,460,2250
2021-04-25 22:42:55.571000,4180.249,4179.533,2250,2250
2021-04-25 22:42:57.516000,4180.057,4179.548,460,2250
2021-04-25 22:42:57.566000,4180.001,4179.348,2250,2250
2021-04-25 22:43:00.125000,4180.201,4179.542,2250,2250
2021-04-25 22:43:01.444000,4180.048,4179.548,460,2250
2021-04-25 22:43:01.494000,4180.046,4179.354,2250,2250
2021-04-25 22:43:36.747000,4179.767,4179.048,2250,4190
2021-04-25 22:43:36.798000,4179.761,4179.051,2250,2250
2021-04-25 22:44:09.628000,4179.267,4178.554,2250,4190
2021-04-25 22:44:09.679000,4179.252,4178.599,2250,2250
2021-04-25 22:45:01.381000,4179.251,4178.851,460,2250
2021-04-25 22:45:01.431000,4179.567,4178.854,2250,2250
2021-04-25 22:45:05.922000,4179.255,4178.533,2250,4190
2021-04-25 22:45:05.973000,4179.261,4178.551,2250,2250
2021-04-25 22:45:11.230000,4179.263,4178.748,460,2250
2021-04-25 22:45:11.281000,4179.455,4178.739,2250,2250
2021-04-25 22:45:12.565000,4179.248,4178.736,460,2250
2021-04-25 22:45:12.615000,4179.267,4178.539,2250,2250
2021-04-25 22:45:22.952000,4179.248,4178.899,460,2250
2021-04-25 22:45:23.003000,4179.561,4178.845,2250,2250
2021-04-25 22:46:20.606000,4179.554,4179.054,460,2250
2021-04-25 22:46:20.656000,4179.752,4179.048,2250,2250
2021-04-25 22:46:20.766000,4179.654,4179.036,460,2250
2021-04-25 22:46:20.817000,4179.652,4178.945,2250,2250
2021-04-25 22:46:20.964000,4179.561,4178.836,2250,2250
2021-04-25 22:46:31.825000,4179.563,4179.099,460,2250
2021-04-25 22:46:31.875000,4179.755,4179.099,2250,2250
2021-04-25 22:46:49.358000,4179.755,4179.033,2250,4190
2021-04-25 22:46:49.408000,4180.067,4179.336,2250,2250
2021-04-25 22:47:59.784000,4180.049,4179.351,2250,4190
2021-04-25 22:47:59.835000,4180.246,4179.542,2250,2250
2021-04-25 22:48:01.411000,4180.058,4179.339,2250,4190
2021-04-25 22:48:01.461000,4180.061,4179.399,2250,2250
2021-04-25 22:48:06.177000,4180.061,4179.399,2250,4190
2021-04-25 22:48:06.227000,4180.252,4179.548,2250,2250
2021-04-25 22:48:55.067000,4180.058,4179.333,2250,4190
2021-04-25 22:48:55.118000,4180.055,4179.336,2250,2250
2021-04-25 22:49:01.215000,4179.764,4179.051,2250,4190
2021-04-25 22:49:01.266000,4179.764,4179.036,2250,2250
2021-04-25 22:51:09.917000,4179.563,4179.036,460,2250
2021-04-25 22:51:09.968000,4179.561,4178.839,2250,2250
2021-04-25 22:51:19.295000,4179.548,4178.936,460,2250
2021-04-25 22:51:19.345000,4179.649,4178.942,2250,2250
2021-04-25 22:51:20.967000,4179.566,4178.948,460,2250
2021-04-25 22:51:21.017000,4179.558,4178.845,2250,2250
2021-04-25 22:53:17.226000,4179.267,4178.533,2250,4190
2021-04-25 22:53:17.276000,4179.252,4178.551,2250,2250
2021-04-25 22:55:13.744000,4179.06,4178.533,460,2250
2021-04-25 22:55:13.794000,4179.049,4178.351,2250,2250
2021-04-25 22:55:21.248000,4178.755,4178.033,2250,4190
2021-04-25 22:55:21.298000,4178.749,4178.054,2250,2250
2021-04-25 22:55:37.920000,4178.558,4177.899,2250,4190
2021-04-25 22:55:37.970000,4178.564,4177.833,2250,2250
2021-04-25 22:56:30.792000,4178.555,4177.842,2250,4190
2021-04-25 22:56:30.842000,4178.752,4178.099,2250,2250
2021-04-25 22:56:47.324000,4178.503,4178.099,460,2250
2021-04-25 22:56:47.374000,4178.549,4177.854,2250,2250
2021-04-25 22:58:19.296000,4178.267,4177.539,2250,4190
2021-04-25 22:58:19.346000,4178.252,4177.533,2250,2250
2021-04-25 23:00:00.480000,4178.257,4177.845,460,2250
2021-04-25 23:00:00.531000,4178.564,4177.899,2250,2250
2021-04-25 23:00:02.523000,4178.255,4177.548,2250,4190
2021-04-25 23:00:02.573000,4178.264,4177.554,2250,2250
2021-04-25 23:00:17.740000,4178.064,4177.333,2250,4190
2021-04-25 23:00:17.790000,4178.052,4177.354,2250,2250
2021-04-25 23:00:17.897000,4177.749,4177.045,2250,4190
2021-04-25 23:00:17.947000,4177.752,4177.048,2250,2250
2021-04-25 23:00:24.972000,4177.548,4177.042,460,2250
2021-04-25 23:00:25.022000,4177.549,4176.839,2250,2250
2021-04-25 23:00:25.296000,4177.561,4176.842,2250,4190
2021-04-25 23:00:25.346000,4177.755,4177.039,2250,2250
2021-04-25 23:00:33.918000,4177.56,4177.039,460,2250
2021-04-25 23:00:33.968000,4177.558,4176.848,2250,2250
2021-04-25 23:00:35.153000,4177.546,4176.839,2250,4190
2021-04-25 23:00:35.203000,4177.758,4177.033,2250,2250
2021-04-25 23:01:18.335000,4177.558,4176.848,2250,4190
2021-04-25 23:01:18.385000,4177.501,4176.839,2250,2250
2021-04-25 23:02:02.415000,4177.267,4176.539,2250,4190
2021-04-25 23:02:02.466000,4177.267,4176.548,2250,2250
2021-04-25 23:02:26.424000,4177.257,4176.854,460,2250
2021-04-25 23:02:26.474000,4177.552,4176.833,2250,2250
2021-04-25 23:03:19.214000,4177.557,4177.354,460,2250
2021-04-25 23:03:19.264000,4178.064,4177.399,2250,2250
2021-04-25 23:04:07.353000,4178.067,4177.336,2250,4190
2021-04-25 23:04:07.403000,4178.261,4177.551,2250,2250
2021-04-25 23:04:13.684000,4178.264,4177.542,2250,4190
2021-04-25 23:04:13.734000,4178.555,4177.899,2250,2250
2021-04-25 23:04:50.832000,4178.56,4178.342,460,2250
2021-04-25 23:04:50.883000,4179.046,4178.342,2250,2250
2021-04-25 23:04:50.995000,4178.764,4178.039,2250,4190
2021-04-25 23:04:51.045000,4178.749,4178.054,2250,2250
2021-04-25 23:05:32.788000,4178.703,4178.299,460,2250
2021-04-25 23:05:32.839000,4178.958,4178.245,2250,2250
2021-04-25 23:05:32.949000,4178.701,4178.054,2250,4190
2021-04-25 23:05:32.999000,4178.701,4178.042,2250,2250
2021-04-25 23:06:09.495000,4178.751,4178.333,460,2250
2021-04-25 23:06:09.545000,4179.064,4178.345,2250,2250
2021-04-25 23:06:39.340000,4179.064,4178.333,2250,4190
2021-04-25 23:06:39.390000,4179.201,4178.551,2250,2250
2021-04-25 23:07:42.060000,4179.263,4178.848,460,2250
2021-04-25 23:07:42.111000,4179.564,4178.848,2250,2250
2021-04-25 23:08:00.476000,4179.246,4178.533,2250,4190
2021-04-25 23:08:00.527000,4179.255,4178.542,2250,2250
2021-04-25 23:08:11.790000,4179.067,4178.399,2250,4190
2021-04-25 23:08:11.840000,4179.067,4178.348,2250,2250
2021-04-25 23:08:26.110000,4178.757,4178.354,460,2250
2021-04-25 23:08:26.161000,4178.755,4178.036,2250,2250
2021-04-25 23:08:37.470000,4178.754,4178.336,460,2250
2021-04-25 23:08:37.520000,4179.067,4178.399,2250,2250
2021-04-25 23:08:42.304000,4178.701,4178.048,2250,4190
2021-04-25 23:08:42.354000,4178.764,4178.045,2250,2250
2021-04-25 23:08:49.880000,4178.758,4178.039,2250,4190
2021-04-25 23:08:49.930000,4179.064,4178.348,2250,2250
2021-04-25 23:09:29.209000,4178.761,4178.099,2250,4190
2021-04-25 23:09:29.259000,4178.767,4178.036,2250,2250
2021-04-25 23:10:01.309000,4178.548,4178.033,460,2250
2021-04-25 23:10:01.360000,4178.549,4177.839,2250,2250
2021-04-25 23:12:02.515000,4178.249,4177.539,2250,4190
2021-04-25 23:12:02.565000,4178.258,4177.554,2250,2250
2021-04-25 23:12:20.867000,4178.101,4177.448,2250,4190
2021-04-25 23:12:20.917000,4178.161,4177.445,2250,2250
2021-04-25 23:12:21.323000,4178.055,4177.345,2250,4190
2021-04-25 23:12:21.373000,4178.001,4177.351,2250,2250
2021-04-25 23:12:39.021000,4177.703,4177.345,460,2250
2021-04-25 23:12:39.071000,4177.746,4177.048,2250,2250
2021-04-25 23:13:00.443000,4177.564,4176.842,2250,4190
2021-04-25 23:13:00.494000,4177.501,4176.899,2250,2250
2021-04-25 23:13:00.602000,4177.569,4177.039,460,2250
2021-04-25 23:13:00.652000,4177.761,4177.036,2250,2250
2021-04-25 23:13:01.941000,4177.601,4176.942,2250,4190
2021-04-25 23:13:01.991000,4177.649,4176.933,2250,2250
2021-04-25 23:13:02.619000,4177.558,4176.851,2250,4190
2021-04-25 23:13:02.669000,4177.552,4176.842,2250,2250
2021-04-25 23:13:24.974000,4177.503,4177.051,460,2250
2021-04-25 23:13:25.024000,4177.758,4177.042,2250,2250
2021-04-25 23:13:30.593000,4177.769,4177.342,460,2250
2021-04-25 23:13:30.644000,4178.058,4177.333,2250,2250
2021-04-25 23:17:02.405000,4178.048,4177.554,460,2250
2021-04-25 23:17:02.459000,4178.261,4177.539,2250,2250
2021-04-25 23:18:02.812000,4178.26,4177.851,460,2250
2021-04-25 23:18:02.862000,4178.555,4177.854,2250,2250
2021-04-25 23:19:07.080000,4178.555,4177.845,2250,4190
2021-04-25 23:19:07.130000,4178.755,4178.054,2250,2250
2021-04-25 23:19:13.951000,4178.503,4178.048,460,2250
2021-04-25 23:19:14.002000,4178.555,4177.851,2250,2250
2021-04-25 23:19:14.273000,4178.503,4177.948,460,2250
2021-04-25 23:19:14.324000,4178.601,4177.945,2250,2250
2021-04-25 23:19:14.963000,4178.567,4177.851,2250,4190
2021-04-25 23:19:15.013000,4178.552,4177.833,2250,2250
2021-04-25 23:19:16.023000,4178.569,4177.942,460,2250
2021-04-25 23:19:16.074000,4178.655,4177.945,2250,2250
2021-04-25 23:19:17.260000,4178.546,4177.839,2250,4190
2021-04-25 23:19:17.310000,4178.567,4177.854,2250,2250
2021-04-25 23:19:17.639000,4178.56,4177.951,460,2250
2021-04-25 23:19:17.689000,4178.649,4177.948,2250,2250
2021-04-25 23:19:18.841000,4178.652,4177.936,2250,4190
2021-04-25 23:19:18.891000,4178.749,4178.099,2250,2250
2021-04-25 23:19:19.000000,4178.555,4177.833,2250,4190
2021-04-25 23:19:19.050000,4178.567,4177.848,2250,2250
2021-04-25 23:20:10.258000,4178.56,4178.033,460,2250
2021-04-25 23:20:10.308000,4178.701,4178.039,2250,2250
2021-04-25 23:20:18.894000,4178.563,4178.054,460,2250
2021-04-25 23:20:18.945000,4178.546,4177.851,2250,2250
2021-04-25 23:20:27.697000,4178.567,4177.839,2250,4190
2021-04-25 23:20:27.748000,4178.764,4178.051,2250,2250
2021-04-25 23:20:34.326000,4178.563,4178.048,460,2250
2021-04-25 23:20:34.377000,4178.546,4177.842,2250,2250
2021-04-25 23:22:30.136000,4178.249,4177.548,2250,4190
2021-04-25 23:22:30.187000,4178.258,4177.551,2250,2250
2021-04-25 23:23:01.447000,4178.054,4177.551,460,2250
2021-04-25 23:23:01.497000,4178.001,4177.354,2250,2250
2021-04-25 23:24:05.254000,4178.051,4177.536,460,2250
2021-04-25 23:24:05.305000,4178.201,4177.551,2250,2250
2021-04-25 23:24:20.313000,4178.057,4177.533,460,2250
2021-04-25 23:24:20.363000,4178.046,4177.333,2250,2250
2021-04-25 23:27:12.290000,4177.754,4177.333,460,2250
2021-04-25 23:27:12.340000,4177.767,4177.048,2250,2250
2021-04-25 23:27:22.398000,4177.567,4176.845,2250,4190
2021-04-25 23:27:22.448000,4177.549,4176.854,2250,2250
2021-04-25 23:27:28.134000,4177.557,4177.099,460,2250
2021-04-25 23:27:28.185000,4177.755,4177.048,2250,2250
2021-04-25 23:27:39.037000,4177.751,4177.399,460,2250
2021-04-25 23:27:39.087000,4178.052,4177.339,2250,2250
2021-04-25 23:28:21.547000,4177.746,4177.036,2250,4190
2021-04-25 23:28:21.597000,4177.755,4177.054,2250,2250
2021-04-25 23:29:01.941000,4177.503,4177.036,460,2250
2021-04-25 23:29:01.991000,4177.552,4176.833,2250,2250
2021-04-25 23:29:05.888000,4177.255,4176.533,2250,4190
2021-04-25 23:29:05.939000,4177.261,4176.599,2250,2250
2021-04-25 23:29:08.512000,4176.758,4176.042,2250,4190
2021-04-25 23:29:08.563000,4176.758,4176.048,2250,2250
2021-04-25 23:29:11.338000,4176.767,4176.042,2250,4190
2021-04-25 23:29:11.388000,4177.052,4176.354,2250,2250
2021-04-25 23:29:20.447000,4177.201,4176.533,2250,2250
2021-04-25 23:29:45.569000,4177.251,4176.899,460,2250
2021-04-25 23:29:45.619000,4177.564,4176.836,2250,2250
2021-04-25 23:30:00.359000,4177.56,4177.033,460,2250
2021-04-25 23:30:00.409000,4177.752,4177.099,2250,2250
2021-04-25 23:30:15.086000,4177.748,4177.351,460,2250
2021-04-25 23:30:15.137000,4178.055,4177.333,2250,2250
2021-04-25 23:30:16.003000,4177.963,4177.339,460,2250
2021-04-25 23:30:16.053000,4177.901,4177.254,2250,2250
2021-04-25 23:30:16.167000,4177.769,4177.299,460,2250
2021-04-25 23:30:16.218000,4177.752,4177.099,2250,2250
2021-04-25 23:30:42.175000,4177.561,4176.899,2250,4190
2021-04-25 23:30:42.225000,4177.561,4176.845,2250,2250
2021-04-25 23:30:44.005000,4177.548,4177.045,460,2250
2021-04-25 23:30:44.056000,4177.764,4177.051,2250,2250
2021-04-25 23:31:00.707000,4177.567,4176.899,2250,4190
2021-04-25 23:31:00.758000,4177.558,4176.845,2250,2250
2021-04-25 23:31:12.522000,4177.201,4176.536,2250,4190
2021-04-25 23:31:12.572000,4177.252,4176.545,2250,2250
2021-04-25 23:31:41.240000,4177.152,4176.451,2250,4190
2021-04-25 23:31:41.290000,4177.101,4176.454,2250,2250
2021-04-25 23:31:43.633000,4177.063,4176.448,460,2250
2021-04-25 23:31:43.683000,4177.001,4176.351,2250,2250
2021-04-25 23:32:12.150000,4176.758,4176.036,2250,4190
2021-04-25 23:32:12.200000,4176.764,4176.045,2250,2250
2021-04-25 23:32:17.922000,4176.558,4175.842,2250,4190
2021-04-25 23:32:17.972000,4176.546,4175.848,2250,2250
2021-04-25 23:32:19.867000,4176.558,4175.836,2250,4190
2021-04-25 23:32:19.918000,4176.761,4176.054,2250,2250
2021-04-25 23:32:50.459000,4176.749,4176.051,2250,4190
2021-04-25 23:32:50.509000,4177.001,4176.345,2250,2250
2021-04-25 23:33:05.991000,4176.746,4176.048,2250,4190
2021-04-25 23:33:06.041000,4176.758,4176.054,2250,2250
2021-04-25 23:33:39.444000,4176.666,4176.045,460,2250
2021-04-25 23:33:39.494000,4176.661,4175.999,2250,2250
2021-04-25 23:33:40.231000,4176.667,4175.999,2250,4190
2021-04-25 23:33:40.281000,4176.752,4176.048,2250,2250
2021-04-25 23:33:40.620000,4176.649,4175.951,2250,4190
2021-04-25 23:33:40.670000,4176.646,4175.939,2250,2250
2021-04-25 23:33:40.780000,4176.561,4175.833,2250,4190
2021-04-25 23:33:40.830000,4176.549,4175.836,2250,2250
2021-04-25 23:34:06.062000,4176.446,4175.754,2250,4190
2021-04-25 23:34:06.112000,4176.401,4175.748,2250,2250
2021-04-25 23:34:09.334000,4176.051,4175.751,460,2250
2021-04-25 23:34:09.384000,4176.055,4175.348,2250,2250
2021-04-25 23:34:09.653000,4176.054,4175.533,460,2250
2021-04-25 23:34:09.704000,4176.261,4175.539,2250,2250
2021-04-25 23:34:13.234000,4176.054,4175.599,460,2250
2021-04-25 23:34:13.285000,4176.052,4175.399,2250,2250
2021-04-25 23:34:44.136000,4176.06,4175.536,460,2250
2021-04-25 23:34:44.187000,4176.246,4175.533,2250,2250
2021-04-25 23:34:44.300000,4176.249,4175.533,2250,4190
2021-04-25 23:34:44.350000,4176.555,4175.836,2250,2250
2021-04-25 23:34:49.820000,4176.567,4175.842,2250,4190
2021-04-25 23:34:49.871000,4176.767,4176.048,2250,2250
2021-04-25 23:34:58.147000,4176.763,4176.354,460,2250
2021-04-25 23:34:58.197000,4177.049,4176.336,2250,2250
2021-04-25 23:35:19.378000,4177.001,4176.345,2250,4190
2021-04-25 23:35:19.429000,4177.246,4176.542,2250,2250
2021-04-25 23:35:20.213000,4177.055,4176.351,2250,2250
2021-04-25 23:35:40.833000,4176.761,4176.045,2250,4190
2021-04-25 23:35:40.884000,4176.701,4176.039,2250,2250
2021-04-25 23:35:50.765000,4176.558,4175.833,2250,4190
2021-04-25 23:35:50.816000,4176.549,4175.851,2250,2250
2021-04-25 23:36:00.705000,4176.449,4175.733,2250,4190
2021-04-25 23:36:00.755000,4176.452,4175.751,2250,2250
2021-04-25 23:36:00.867000,4176.452,4175.751,2250,4190
2021-04-25 23:36:00.917000,4176.567,4175.848,2250,2250
2021-04-25 23:36:13.401000,4176.067,4175.399,2250,4190
2021-04-25 23:36:13.452000,4176.001,4175.348,2250,2250
2021-04-25 23:36:13.550000,4175.749,4175.051,2250,4190
2021-04-25 23:36:13.601000,4175.701,4175.099,2250,2250
2021-04-25 23:36:15.577000,4175.769,4175.345,460,2250
2021-04-25 23:36:15.628000,4176.049,4175.336,2250,2250
2021-04-25 23:36:20.957000,4175.901,4175.299,2250,4190
2021-04-25 23:36:21.008000,4175.961,4175.251,2250,2250
2021-04-25 23:36:22.515000,4175.767,4175.036,2250,4190
2021-04-25 23:36:22.565000,4175.764,4175.042,2250,2250
2021-04-25 23:36:25.515000,4175.701,4175.045,2250,4190
2021-04-25 23:36:25.565000,4176.058,4175.351,2250,2250
2021-04-25 23:36:30.083000,4176.054,4175.836,460,2250
2021-04-25 23:36:30.134000,4176.555,4175.842,2250,2250
2021-04-25 23:36:32.579000,4176.264,4175.542,2250,4190
2021-04-25 23:36:32.629000,4176.201,4175.536,2250,2250
2021-04-25 23:36:36.248000,4176.058,4175.399,2250,4190
2021-04-25 23:36:36.298000,4176.055,4175.339,2250,2250
2021-04-25 23:37:01.861000,4176.054,4175.551,460,2250
2021-04-25 23:37:01.911000,4176.264,4175.551,2250,2250
2021-04-25 23:37:09.680000,4176.052,4175.333,2250,4190
2021-04-25 23:37:09.731000,4176.001,4175.351,2250,2250
2021-04-25 23:38:18.023000,4176.066,4175.539,460,2250
2021-04-25 23:38:18.073000,4176.255,4175.542,2250,2250
2021-04-25 23:38:21.919000,4176.246,4175.551,2250,4190
2021-04-25 23:38:21.969000,4176.555,4175.854,2250,2250
2021-04-25 23:38:24.218000,4176.052,4175.333,2250,4190
2021-04-25 23:38:24.268000,4176.049,4175.336,2250,2250
2021-04-25 23:38:37.724000,4176.054,4175.451,460,2250
2021-04-25 23:38:37.774000,4176.167,4175.439,2250,2250
2021-04-25 23:38:37.885000,4176.058,4175.399,2250,4190
2021-04-25 23:38:37.936000,4176.001,4175.345,2250,2250
2021-04-25 23:38:49.122000,4176.057,4175.539,460,2250
2021-04-25 23:38:49.173000,4176.255,4175.533,2250,2250
2021-04-25 23:38:51.994000,4176.254,4175.736,460,2250
2021-04-25 23:38:52.044000,4176.449,4175.748,2250,2250
2021-04-25 23:38:52.495000,4176.463,4175.899,460,2250
2021-04-25 23:38:52.545000,4176.561,4175.848,2250,2250
2021-04-25 23:38:54.461000,4176.052,4175.339,2250,4190
2021-04-25 23:38:54.512000,4176.052,4175.348,2250,2250
2021-04-25 23:38:54.620000,4175.701,4175.039,2250,2250
2021-04-25 23:38:54.780000,4175.754,4175.354,460,2250
2021-04-25 23:38:54.830000,4176.064,4175.351,2250,2250
2021-04-25 23:40:16.037000,4176.069,4175.836,460,2250
2021-04-25 23:40:16.087000,4176.561,4175.833,2250,2250
2021-04-25 23:40:23.574000,4176.051,4175.839,460,2250
2021-04-25 23:40:23.624000,4176.055,4175.354,2250,2250
2021-04-25 23:40:23.734000,4175.701,4175.036,2250,4190
2021-04-25 23:40:23.784000,4175.746,4175.054,2250,2250
2021-04-25 23:40:25.402000,4175.769,4175.351,460,2250
2021-04-25 23:40:25.453000,4176.052,4175.333,2250,2250
2021-04-25 23:40:29.265000,4175.754,4175.333,460,2250
2021-04-25 23:40:29.316000,4175.746,4175.036,2250,2250
2021-04-25 23:40:29.773000,4175.751,4175.336,460,2250
2021-04-25 23:40:29.823000,4176.061,4175.348,2250,2250
2021-04-25 23:40:40.840000,4176.067,4175.336,2250,4190
2021-04-25 23:40:40.890000,4176.252,4175.536,2250,2250
2021-04-25 23:40:53.944000,4176.552,4175.833,2250,2250
2021-04-25 23:41:12.026000,4176.548,4176.033,460,2250
2021-04-25 23:41:12.076000,4176.764,4176.048,2250,2250
2021-04-25 23:41:28.712000,4176.751,4176.339,460,2250
2021-04-25 23:41:28.762000,4177.052,4176.333,2250,2250
2021-04-25 23:41:38.811000,4176.758,4176.048,2250,4190
2021-04-25 23:41:38.862000,4176.764,4176.033,2250,2250
2021-04-25 23:41:45.668000,4176.663,4176.042,460,2250
2021-04-25 23:41:45.719000,4176.649,4175.948,2250,2250
2021-04-25 23:41:45.988000,4176.652,4175.942,2250,4190
2021-04-25 23:41:46.038000,4176.761,4176.048,2250,2250
2021-04-25 23:41:46.393000,4176.66,4176.042,460,2250
2021-04-25 23:41:46.443000,4176.646,4175.954,2250,2250
2021-04-25 23:41:46.561000,4176.548,4175.954,460,2250
2021-04-25 23:41:46.612000,4176.564,4175.851,2250,2250
2021-04-25 23:41:47.186000,4176.563,4176.036,460,2250
2021-04-25 23:41:47.236000,4176.701,4176.039,2250,2250
2021-04-25 23:41:47.715000,4176.661,4175.936,2250,4190
2021-04-25 23:41:47.765000,4176.661,4175.939,2250,2250
2021-04-25 23:41:48.811000,4176.648,4176.054,460,2250
2021-04-25 23:41:48.861000,4176.752,4176.039,2250,2250
2021-04-25 23:42:00.656000,4176.564,4175.854,2250,4190
2021-04-25 23:42:00.706000,4176.552,4175.845,2250,2250
2021-04-25 23:42:02.980000,4176.566,4176.033,460,2250
2021-04-25 23:42:03.031000,4176.764,4176.039,2250,2250
2021-04-25 23:42:48.545000,4176.749,4176.036,2250,4190
2021-04-25 23:42:48.595000,4177.067,4176.354,2250,2250
2021-04-25 23:43:05.127000,4177.057,4176.533,460,2250
2021-04-25 23:43:05.177000,4177.246,4176.554,2250,2250
2021-04-25 23:43:05.474000,4177.061,4176.399,2250,4190
2021-04-25 23:43:05.525000,4177.055,4176.351,2250,2250
2021-04-25 23:43:22.927000,4176.701,4176.042,2250,2250
2021-04-25 23:43:23.087000,4176.754,4176.345,460,2250
2021-04-25 23:43:23.137000,4177.061,4176.333,2250,2250
2021-04-25 23:43:29.201000,4176.701,4176.036,2250,4190
2021-04-25 23:43:29.251000,4176.749,4176.042,2250,2250
2021-04-25 23:43:38.602000,4176.767,4176.039,2250,4190
2021-04-25 23:43:38.653000,4177.061,4176.354,2250,2250
2021-04-25 23:44:01.506000,4176.564,4175.851,2250,4190
2021-04-25 23:44:01.556000,4176.561,4175.833,2250,2250
2021-04-25 23:44:01.665000,4176.554,4176.033,460,2250
2021-04-25 23:44:01.716000,4176.758,4176.045,2250,2250
2021-04-25 23:44:27.636000,4176.766,4176.354,460,2250
2021-04-25 23:44:27.686000,4177.058,4176.348,2250,2250
2021-04-25 23:44:34.599000,4176.76,4176.348,460,2250
2021-04-25 23:44:34.650000,4176.752,4176.051,2250,2250
2021-04-25 23:44:40.920000,4176.769,4176.548,460,2250
2021-04-25 23:44:40.971000,4177.258,4176.599,2250,2250
2021-04-25 23:44:46.224000,4177.169,4176.539,460,2250
2021-04-25 23:44:46.275000,4177.101,4176.439,2250,2250
2021-04-25 23:44:46.651000,4177.055,4176.336,2250,4190
2021-04-25 23:44:46.701000,4177.052,4176.348,2250,2250
2021-04-25 23:44:53.619000,4177.067,4176.339,2250,4190
2021-04-25 23:44:53.670000,4177.258,4176.599,2250,2250
2021-04-25 23:44:56.394000,4177.054,4176.539,460,2250
2021-04-25 23:44:56.444000,4177.064,4176.351,2250,2250
2021-04-25 23:45:00.578000,4176.76,4176.339,460,2250
2021-04-25 23:45:00.629000,4176.746,4176.099,2250,2250
2021-04-25 23:45:00.727000,4176.746,4176.042,2250,4190
2021-04-25 23:45:00.778000,4177.064,4176.351,2250,2250
2021-04-25 23:45:00.895000,4176.701,4176.036,2250,4190
2021-04-25 23:45:00.946000,4176.764,4176.045,2250,2250
2021-04-25 23:45:01.243000,4177.049,4176.339,2250,2250
2021-04-25 23:45:08.242000,4176.761,4176.033,2250,4190
2021-04-25 23:45:08.292000,4176.764,4176.045,2250,2250
2021-04-25 23:45:14.325000,4176.601,4175.951,2250,4190
2021-04-25 23:45:14.375000,4176.661,4175.936,2250,2250
2021-04-25 23:45:14.513000,4176.56,4175.942,460,2250
2021-04-25 23:45:14.564000,4176.549,4175.848,2250,2250
2021-04-25 23:45:38.315000,4176.257,4175.848,460,2250
2021-04-25 23:45:38.365000,4176.264,4175.542,2250,2250
2021-04-25 23:45:48.675000,4176.064,4175.339,2250,4190
2021-04-25 23:45:48.726000,4176.064,4175.336,2250,2250
2021-04-25 23:45:49.952000,4176.001,4175.399,2250,4190
2021-04-25 23:45:50.002000,4176.252,4175.554,2250,2250
2021-04-25 23:45:50.611000,4176.158,4175.499,2250,4190
2021-04-25 23:45:50.661000,4176.155,4175.433,2250,2250
2021-04-25 23:45:50.791000,4176.052,4175.399,2250,4190
2021-04-25 23:45:50.841000,4176.064,4175.339,2250,2250
2021-04-25 23:45:52.040000,4176.057,4175.439,460,2250
2021-04-25 23:45:52.090000,4176.155,4175.436,2250,2250
2021-04-25 23:45:52.601000,4176.157,4175.536,460,2250
2021-04-25 23:45:52.651000,4176.201,4175.542,2250,2250
2021-04-25 23:46:01.241000,4176.149,4175.436,2250,2250
2021-04-25 23:46:01.401000,4176.148,4175.536,460,2250
2021-04-25 23:46:01.451000,4176.267,4175.536,2250,2250
2021-04-25 23:46:02.492000,4176.161,4175.499,2250,4190
2021-04-25 23:46:02.543000,4176.158,4175.442,2250,2250
2021-04-25 23:46:06.698000,4176.154,4175.599,460,2250
2021-04-25 23:46:06.749000,4176.246,4175.545,2250,2250
2021-04-25 23:46:09.998000,4176.149,4175.448,2250,4190
2021-04-25 23:46:10.048000,4176.161,4175.436,2250,2250
2021-04-25 23:46:12.579000,4176.161,4175.445,2250,4190
2021-04-25 23:46:12.629000,4176.201,4175.542,2250,2250
2021-04-25 23:46:12.750000,4176.163,4175.554,460,2250
2021-04-25 23:46:12.800000,4176.155,4175.499,2250,2250
2021-04-25 23:46:13.020000,4176.164,4175.436,2250,4190
2021-04-25 23:46:13.070000,4176.267,4175.548,2250,2250
2021-04-25 23:46:50.835000,4176.049,4175.354,2250,4190
2021-04-25 23:46:50.885000,4176.049,4175.345,2250,2250
2021-04-25 23:46:56.190000,4176.054,4175.542,460,2250
2021-04-25 23:46:56.240000,4176.201,4175.545,2250,2250
2021-04-25 23:46:56.508000,4176.061,4175.348,2250,4190
2021-04-25 23:46:56.558000,4176.064,4175.351,2250,2250
2021-04-25 23:46:57.345000,4176.063,4175.499,460,2250
2021-04-25 23:46:57.395000,4176.167,4175.436,2250,2250
2021-04-25 23:46:58.956000,4176.054,4175.499,460,2250
2021-04-25 23:46:59.007000,4176.052,4175.336,2250,2250
2021-04-25 23:47:42.191000,4175.748,4175.336,460,2250
2021-04-25 23:47:42.241000,4175.758,4175.042,2250,2250
2021-04-25 23:47:50.522000,4175.503,4175.033,460,2250
2021-04-25 23:47:50.572000,4175.555,4174.851,2250,2250
2021-04-25 23:47:52.600000,4175.249,4174.545,2250,4190
2021-04-25 23:47:52.651000,4175.249,4174.551,2250,2250
2021-04-25 23:47:54.357000,4175.246,4174.551,2250,4190
2021-04-25 23:47:54.408000,4175.555,4174.851,2250,2250
2021-04-25 23:48:16.876000,4175.455,4174.736,2250,4190
2021-04-25 23:48:16.926000,4175.452,4174.739,2250,2250
2021-04-25 23:48:18.021000,4175.258,4174.599,2250,4190
2021-04-25 23:48:18.071000,4175.264,4174.533,2250,2250
2021-04-25 23:48:19.388000,4175.266,4174.899,460,2250
2021-04-25 23:48:19.439000,4175.564,4174.899,2250,2250
2021-04-25 23:48:20.859000,4175.467,4174.742,2250,4190
2021-04-25 23:48:20.909000,4175.461,4174.739,2250,2250
2021-04-25 23:48:23.451000,4175.248,4174.736,460,2250
2021-04-25 23:48:23.502000,4175.249,4174.548,2250,2250
2021-04-25 23:48:30.171000,4175.258,4174.533,2250,4190
2021-04-25 23:48:30.221000,4175.458,4174.748,2250,2250
2021-04-25 23:48:32.738000,4175.446,4174.733,2250,4190
2021-04-25 23:48:32.789000,4175.552,4174.836,2250,2250
2021-04-25 23:48:34.249000,4175.464,4174.742,2250,4190
2021-04-25 23:48:34.299000,4175.464,4174.754,2250,2250
2021-04-25 23:48:34.416000,4175.449,4174.745,2250,4190
2021-04-25 23:48:34.466000,4175.555,4174.899,2250,2250
2021-04-25 23:48:38.909000,4175.251,4174.833,460,2250
2021-04-25 23:48:38.959000,4175.201,4174.536,2250,2250
2021-04-25 23:48:40.188000,4175.258,4174.554,2250,4190
2021-04-25 23:48:40.238000,4175.546,4174.833,2250,2250
2021-04-25 23:48:40.616000,4175.467,4174.739,2250,4190
2021-04-25 23:48:40.666000,4175.461,4174.745,2250,2250
2021-04-25 23:48:42.908000,4175.451,4174.842,460,2250
2021-04-25 23:48:42.958000,4175.552,4174.899,2250,2250
2021-04-25 23:48:43.069000,4175.467,4174.799,2250,2250
2021-04-25 23:48:44.627000,4175.454,4174.842,460,2250
2021-04-25 23:48:44.677000,4175.501,4174.833,2250,2250
2021-04-25 23:48:46.030000,4175.246,4174.599,2250,4190
2021-04-25 23:48:46.080000,4175.267,4174.533,2250,2250
2021-04-25 23:49:19.780000,4175.167,4174.436,2250,4190
2021-04-25 23:49:19.831000,4175.149,4174.451,2250,2250
2021-04-25 23:49:20.092000,4175.103,4174.536,460,2250
2021-04-25 23:49:20.143000,4175.264,4174.545,2250,2250
2021-04-25 23:49:20.260000,4175.101,4174.448,2250,4190
2021-04-25 23:49:20.310000,4175.161,4174.451,2250,2250
2021-04-25 23:49:20.751000,4175.166,4174.542,460,2250
2021-04-25 23:49:20.801000,4175.249,4174.554,2250,2250
2021-04-25 23:49:32.062000,4175.049,4174.399,2250,4190
2021-04-25 23:49:32.112000,4175.061,4174.342,2250,2250
2021-04-25 23:49:38.848000,4175.051,4174.548,460,2250
2021-04-25 23:49:38.898000,4175.258,4174.554,2250,2250
2021-04-25 23:49:54.373000,4175.058,4174.336,2250,4190
2021-04-25 23:49:54.423000,4175.001,4174.333,2250,2250
2021-04-25 23:49:56.913000,4175.061,4174.348,2250,4190
2021-04-25 23:49:56.964000,4175.155,4174.451,2250,2250
2021-04-25 23:49:58.849000,4175.052,4174.345,2250,4190
2021-04-25 23:49:58.900000,4175.001,4174.342,2250,2250
2021-04-25 23:50:01.446000,4175.063,4174.536,460,2250
2021-04-25 23:50:01.496000,4175.201,4174.536,2250,2250
2021-04-25 23:50:05.339000,4175.051,4174.542,460,2250
2021-04-25 23:50:05.390000,4175.061,4174.345,2250,2250
2021-04-25 23:50:08.678000,4175.064,4174.348,2250,4190
2021-04-25 23:50:08.728000,4175.201,4174.542,2250,2250
2021-04-25 23:50:09.969000,4175.06,4174.536,460,2250
2021-04-25 23:50:10.019000,4175.067,4174.348,2250,2250
2021-04-25 23:50:10.962000,4175.003,4174.536,460,2250
2021-04-25 23:50:11.012000,4175.258,4174.548,2250,2250
2021-04-25 23:50:11.820000,4175.067,4174.399,2250,4190
2021-04-25 23:50:11.870000,4175.058,4174.354,2250,2250
2021-04-25 23:51:12.689000,4175.06,4174.551,460,2250
2021-04-25 23:51:12.739000,4175.261,4174.554,2250,2250
2021-04-25 23:52:29.818000,4175.261,4174.551,2250,4190
2021-04-25 23:52:29.869000,4175.501,4174.842,2250,2250
2021-04-25 23:52:30.163000,4175.449,4174.754,2250,4190
2021-04-25 23:52:30.213000,4175.455,4174.799,2250,2250
2021-04-25 23:52:31.959000,4175.451,4174.833,460,2250
2021-04-25 23:52:32.009000,4175.552,4174.842,2250,2250
2021-04-25 23:52:47.615000,4175.557,4175.045,460,2250
2021-04-25 23:52:47.666000,4175.767,4175.033,2250,2250
2021-04-25 23:53:02.533000,4175.561,4174.848,2250,4190
2021-04-25 23:53:02.583000,4175.558,4174.833,2250,2250
2021-04-25 23:53:09.253000,4175.658,4174.945,2250,2250
2021-04-25 23:53:10.958000,4175.661,4174.951,2250,4190
2021-04-25 23:53:11.008000,4175.746,4175.099,2250,2250
2021-04-25 23:54:20.161000,4175.569,4175.039,460,2250
2021-04-25 23:54:20.211000,4175.552,4174.848,2250,2250
2021-04-25 23:54:52.870000,4175.563,4175.099,460,2250
2021-04-25 23:54:52.921000,4175.767,4175.054,2250,2250
2021-04-25 23:55:08.078000,4175.748,4175.333,460,2250
2021-04-25 23:55:08.128000,4176.049,4175.399,2250,2250
2021-04-25 23:55:11.072000,4176.06,4175.554,460,2250
2021-04-25 23:55:11.122000,4176.255,4175.536,2250,2250
2021-04-25 23:55:14.017000,4176.26,4175.845,460,2250
2021-04-25 23:55:14.067000,4176.561,4175.839,2250,2250
2021-04-25 23:55:16.208000,4176.246,4175.533,2250,4190
2021-04-25 23:55:16.258000,4176.261,4175.539,2250,2250
2021-04-25 23:55:24.031000,4176.255,4175.542,2250,4190
2021-04-25 23:55:24.081000,4176.555,4175.899,2250,2250
2021-04-25 23:55:25.966000,4176.466,4175.839,460,2250
2021-04-25 23:55:26.016000,4176.449,4175.748,2250,2250
2021-04-25 23:55:26.126000,4176.267,4175.545,2250,4190
2021-04-25 23:55:26.176000,4176.261,4175.539,2250,2250
2021-04-25 23:55:26.286000,4176.203,4175.733,460,2250
2021-04-25 23:55:26.336000,4176.455,4175.754,2250,2250
2021-04-25 23:55:26.448000,4176.264,4175.539,2250,4190
2021-04-25 23:55:26.498000,4176.258,4175.548,2250,2250
2021-04-25 23:55:26.609000,4176.269,4175.836,460,2250
2021-04-25 23:55:26.660000,4176.549,4175.854,2250,2250
2021-04-25 23:55:35.993000,4176.255,4175.539,2250,4190
2021-04-25 23:55:36.044000,4176.258,4175.536,2250,2250
2021-04-25 23:55:37.450000,4176.248,4175.748,460,2250
2021-04-25 23:55:37.500000,4176.449,4175.799,2250,2250
2021-04-25 23:55:39.301000,4176.46,4175.851,460,2250
2021-04-25 23:55:39.351000,4176.564,4175.845,2250,2250
2021-04-25 23:55:57.287000,4176.255,4175.599,2250,4190
2021-04-25 23:55:57.337000,4176.261,4175.542,2250,2250
2021-04-25 23:55:57.448000,4176.263,4175.742,460,2250
2021-04-25 23:55:57.498000,4176.446,4175.733,2250,2250
2021-04-25 23:55:58.118000,4176.252,4175.542,2250,4190
2021-04-25 23:55:58.168000,4176.258,4175.551,2250,2250
2021-04-25 23:56:04.380000,4176.248,4175.845,460,2250
2021-04-25 23:56:04.431000,4176.549,4175.851,2250,2250
2021-04-25 23:56:19.341000,4176.06,4175.836,460,2250
2021-04-25 23:56:19.391000,4176.067,4175.345,2250,2250
2021-04-25 23:56:40.264000,4176.246,4175.545,2250,2250
2021-04-25 23:57:00.290000,4176.069,4175.533,460,2250
2021-04-25 23:57:00.341000,4176.058,4175.348,2250,2250
2021-04-25 23:57:02.810000,4175.749,4175.048,2250,4190
2021-04-25 23:57:02.860000,4175.761,4175.099,2250,2250
2021-04-25 23:57:08.052000,4175.546,4174.833,2250,4190
2021-04-25 23:57:08.102000,4175.552,4174.845,2250,2250
2021-04-25 23:57:41.665000,4175.563,4175.039,460,2250
2021-04-25 23:57:41.715000,4175.746,4175.042,2250,2250
2021-04-25 23:57:47.419000,4175.649,4174.954,2250,4190
2021-04-25 23:57:47.470000,4175.652,4174.936,2250,2250
2021-04-25 23:57:47.580000,4175.561,4174.845,2250,4190
2021-04-25 23:57:47.630000,4175.561,4174.845,2250,2250
2021-04-25 23:57:47.909000,4175.551,4175.051,460,2250
2021-04-25 23:57:47.959000,4175.752,4175.033,2250,2250
2021-04-25 23:57:49.463000,4175.501,4174.842,2250,4190
2021-04-25 23:57:49.513000,4175.561,4174.836,2250,2250
2021-04-25 23:57:49.779000,4175.551,4174.936,460,2250
2021-04-25 23:57:49.830000,4175.664,4174.999,2250,2250
2021-04-25 23:57:49.942000,4175.655,4174.933,2250,4190
2021-04-25 23:57:49.992000,4175.761,4175.048,2250,2250
2021-04-25 23:57:57.394000,4175.649,4174.933,2250,4190
2021-04-25 23:57:57.444000,4175.655,4174.999,2250,2250
2021-04-25 23:58:05.859000,4175.551,4174.948,460,2250
2021-04-25 23:58:05.910000,4175.567,4174.848,2250,2250
2021-04-25 23:58:06.172000,4175.56,4175.036,460,2250
2021-04-25 23:58:06.222000,4175.755,4175.039,2250,2250
2021-04-25 23:58:06.910000,4175.655,4174.948,2250,4190
2021-04-25 23:58:06.960000,4175.655,4174.951,2250,2250
2021-04-25 23:58:08.984000,4175.552,4174.845,2250,4190
2021-04-25 23:58:09.034000,4175.546,4174.836,2250,2250
2021-04-25 23:58:12.397000,4175.552,4174.845,2250,4190
2021-04-25 23:58:12.447000,4175.755,4175.036,2250,2250
2021-04-25 23:58:21.265000,4175.558,4174.836,2250,4190
2021-04-25 23:58:21.315000,4175.558,4174.839,2250,2250
2021-04-25 23:58:21.581000,4175.549,4174.845,2250,4190
2021-04-25 23:58:21.631000,4175.767,4175.033,2250,2250
2021-04-25 23:58:21.743000,4175.646,4174.945,2250,4190
2021-04-25 23:58:21.794000,4175.664,4174.999,2250,2250
2021-04-25 23:58:22.061000,4175.549,4174.899,2250,4190
2021-04-25 23:58:22.111000,4175.558,4174.851,2250,2250
2021-04-25 23:58:31.308000,4175.56,4175.042,460,2250
2021-04-25 23:58:31.358000,4175.761,4175.099,2250,2250
2021-04-25 23:58:46.729000,4175.558,4174.899,2250,2250
2021-04-25 23:59:20.626000,4175.249,4174.542,2250,4190
2021-04-25 23:59:20.677000,4175.246,4174.599,2250,2250
2021-04-25 23:59:21.765000,4175.003,4174.551,460,2250
2021-04-25 23:59:21.816000,4175.058,4174.339,2250,2250
2021-04-25 23:59:30.746000,4174.761,4174.033,2250,4190
2021-04-25 23:59:30.797000,4174.746,4174.048,2250,2250
2021-04-25 23:59:42.058000,4174.652,4173.945,2250,4190
2021-04-25 23:59:42.108000,4174.601,4173.942,2250,2250
2021-04-25 23:59:42.228000,4174.655,4173.936,2250,4190
2021-04-25 23:59:42.278000,4174.767,4174.045,2250,2250
2021-04-25 23:59:43.294000,4174.564,4173.845,2250,4190
2021-04-25 23:59:43.344000,4174.546,4173.836,2250,2250
2021-04-25 23:59:44.668000,4174.249,4173.551,2250,4190
2021-04-25 23:59:44.719000,4174.258,4173.536,2250,2250
2021-04-25 23:59:46.593000,4174.201,4173.554,2250,4190
2021-04-25 23:59:46.644000,4174.552,4173.842,2250,2250
2021-04-25 23:59:46.747000,4174.466,4173.842,460,2250
2021-04-25 23:59:46.798000,4174.455,4173.742,2250,2250
2021-04-25 23:59:47.648000,4174.254,4173.736,460,2250
2021-04-25 23:59:47.699000,4174.255,4173.545,2250,2250
2021-04-25 23:59:48.540000,4174.252,4173.539,2250,4190
2021-04-25 23:59:48.591000,4174.561,4173.839,2250,2250
2021-04-25 23:59:48.910000,4174.467,4173.733,2250,4190
2021-04-25 23:59:48.960000,4174.467,4173.754,2250,2250
2021-04-25 23:59:49.442000,4174.263,4173.751,460,2250
2021-04-25 23:59:49.493000,4174.258,4173.599,2250,2250
2021-04-25 23:59:49.924000,4174.261,4173.548,2250,4190
2021-04-25 23:59:49.974000,4174.561,4173.842,2250,2250
2021-04-25 23:59:52.660000,4174.566,4173.999,460,2250
2021-04-25 23:59:52.711000,4174.601,4173.951,2250,2250
2021-04-25 23:59:52.822000,4174.603,4174.054,460,2250
2021-04-25 23:59:52.872000,4174.749,4174.033,2250,2250
2021-04-25 23:59:53.760000,4174.658,4173.945,2250,4190
2021-04-25 23:59:53.810000,4174.667,4173.999,2250,2250
2021-04-25 23:59:54.107000,4174.654,4174.051,460,2250
2021-04-25 23:59:54.158000,4174.767,4174.054,2250,2250
2021-04-25 23:59:56.178000,4174.754,4174.348,460,2250
2021-04-25 23:59:56.228000,4175.049,4174.336,2250,2250
2021-04-25 23:59:57.394000,4174.764,4174.033,2250,4190
2021-04-25 23:59:57.444000,4174.749,4174.039,2250,2250
