datetime,price,diff,abs_diff,abs_diff_rolling
2021-04-23 00:00:00,4135.6955,,,
2021-04-23 00:25:00,4141.409,5.71349999999984,5.71349999999984,
2021-04-23 00:45:00,4138.1955,-3.21349999999984,3.21349999999984,
2021-04-23 01:00:00,4140.93,2.73450000000048,2.73450000000048,
2021-04-23 01:00:00,4139.394,-1.5360000000000582,1.5360000000000582,
2021-04-23 01:15:00,4142.433,3.03899999999976,3.03899999999976,
2021-04-23 01:30:00,4139.1715,-3.2614999999996144,3.2614999999996144,
2021-04-23 01:45:00,4144.7285,5.556999999999789,5.556999999999789,
2021-04-23 02:00:00,4143.1745,-1.5540000000000873,1.5540000000000873,
2021-04-23 02:05:00,4144.209,1.0344999999997526,1.0344999999997526,
2021-04-23 02:15:00,4142.391,-1.818000000000211,1.818000000000211,
2021-04-23 02:20:00,4144.700000000001,2.309000000001106,2.309000000001106,
2021-04-23 02:30:00,4142.389499999999,-2.3105000000014115,2.3105000000014115,
2021-04-23 02:35:00,4143.43,1.040500000000975,1.040500000000975,
2021-04-23 02:35:00,4141.8925,-1.5375000000003638,1.5375000000003638,
2021-04-23 02:40:00,4143.7015,1.8090000000001965,1.8090000000001965,
2021-04-23 02:50:00,4141.1955,-2.506000000000313,2.506000000000313,
2021-04-23 03:10:00,4145.4,4.204499999999825,4.204499999999825,
2021-04-23 03:10:00,4144.6939999999995,-0.706000000000131,0.706000000000131,
2021-04-23 03:15:00,4145.4285,0.7345000000004802,0.7345000000004802,
2021-04-23 03:25:00,4144.873,-0.5555000000003929,0.5555000000003929,2.3587250000002316
2021-04-23 03:30:00,4145.404500000001,0.5315000000009604,0.5315000000009604,2.0996250000002874
2021-04-23 03:35:00,4144.3715,-1.0330000000003565,1.0330000000003565,1.9906000000003132
2021-04-23 03:35:00,4145.227000000001,0.8555000000005748,0.8555000000005748,1.896650000000318
2021-04-23 03:40:00,4143.9,-1.327000000001135,1.327000000001135,1.8862000000003718
2021-04-23 03:45:00,4144.7285,0.8285000000005311,0.8285000000005311,1.7756750000004105
2021-04-23 03:55:00,4142.867,-1.8614999999999782,1.8614999999999782,1.7056750000004286
2021-04-23 04:00:00,4144.2029999999995,1.3359999999993306,1.3359999999993306,1.4946250000004055
2021-04-23 04:00:00,4143.197,-1.0059999999994034,1.0059999999994034,1.4672250000003715
2021-04-23 04:05:00,4144.2029999999995,1.0059999999994034,1.0059999999994034,1.465800000000354
2021-04-23 04:10:00,4143.6669999999995,-0.5360000000000582,0.5360000000000582,1.4017000000003463
2021-04-23 04:15:00,4144.7029999999995,1.0360000000000582,1.0360000000000582,1.338050000000294
2021-04-23 04:45:00,4141.697,-3.0059999999994034,3.0059999999994034,1.3728250000001936
2021-04-23 05:00:00,4143.706,2.0090000000000146,2.0090000000000146,1.4212500000001456
2021-04-23 05:10:00,4141.391,-2.3150000000005093,2.3150000000005093,1.4601250000001529
2021-04-23 05:15:00,4142.727000000001,1.3360000000011496,1.3360000000011496,1.4364750000002005
2021-04-23 05:30:00,4139.8955000000005,-2.831500000000233,2.831500000000233,1.4527500000001965
2021-04-23 05:50:00,4144.1985,4.302999999999884,4.302999999999884,1.4576750000001995
2021-04-23 06:05:00,4141.876,-2.3225000000002183,2.3225000000002183,1.5385000000002038
2021-04-23 06:05:00,4143.1984999999995,1.3224999999993088,1.3224999999993088,1.567900000000145
2021-04-23 06:15:00,4135.3985,-7.799999999999272,7.799999999999272,1.9301250000000891
2021-04-23 06:20:00,4139.2225,3.8239999999996144,3.8239999999996144,2.0947500000000217
2021-04-23 06:30:00,4135.389499999999,-3.8330000000005384,3.8330000000005384,2.234750000000031
2021-04-23 06:50:00,4139.9,4.51050000000032,4.51050000000032,2.417500000000018
2021-04-23 06:55:00,4136.697,-3.20299999999952,3.20299999999952,2.5112999999999372
2021-04-23 07:20:00,4145.9015,9.204499999999825,9.204499999999825,2.9300999999999022
2021-04-23 07:25:00,4142.897000000001,-3.004499999999098,3.004499999999098,2.9872499999998583
2021-04-23 07:25:00,4144.927,2.029999999998836,2.029999999998836,3.0219499999998334
2021-04-23 07:35:00,4141.867,-3.0599999999994907,3.0599999999994907,3.124649999999838
2021-04-23 07:55:00,4149.2315,7.36449999999968,7.36449999999968,3.4425749999998514
2021-04-23 08:15:00,4144.407499999999,-4.824000000000524,4.824000000000524,3.656974999999875
2021-04-23 08:20:00,4145.9105,1.5030000000006112,1.5030000000006112,3.6803249999999026
2021-04-23 08:20:00,4143.7,-2.2105000000001382,2.2105000000001382,3.6405499999999393
2021-04-23 08:35:00,4147.1,3.4000000000005457,3.4000000000005457,3.710099999999966
2021-04-23 08:40:00,4145.376,-1.72400000000016,1.72400000000016,3.6805499999999483
2021-04-23 08:55:00,4147.403,2.0270000000000437,2.0270000000000437,3.715099999999893
2021-04-23 09:15:00,4142.6955,-4.707500000000437,4.707500000000437,3.808899999999903
2021-04-23 09:15:00,4144.407499999999,1.7119999999995343,1.7119999999995343,3.6793499999998858
2021-04-23 09:25:00,4143.2015,-1.2059999999992215,1.2059999999992215,3.623524999999836
2021-04-23 09:40:00,4145.733,2.531500000000051,2.531500000000051,3.683974999999873
2021-04-23 09:50:00,4142.3985,-3.3344999999999345,3.3344999999999345,3.460699999999906
2021-04-23 09:55:00,4145.2,2.801499999999578,2.801499999999578,3.4095749999999043
2021-04-23 10:00:00,4143.391,-1.8090000000001965,1.8090000000001965,3.308374999999887
2021-04-23 10:10:00,4146.403,3.0120000000006257,3.0120000000006257,3.2334499999999027
2021-04-23 10:25:00,4143.1715,-3.231499999999869,3.231499999999869,3.23487499999992
2021-04-23 10:30:00,4145.7015,2.5299999999997453,2.5299999999997453,2.901149999999916
2021-04-23 10:35:00,4143.67,-2.031500000000051,2.031500000000051,2.8524999999999636
2021-04-23 10:50:00,4146.8985,3.2285000000001673,3.2285000000001673,2.91242500000003
2021-04-23 11:00:00,4143.9,-2.998500000000604,2.998500000000604,2.909350000000086
2021-04-23 11:05:00,4146.673000000001,2.7730000000010477,2.7730000000010477,2.6797750000001543
2021-04-23 11:10:00,4143.1955,-3.477500000000873,3.477500000000873,2.612450000000172
2021-04-23 11:15:00,4145.23,2.0344999999997526,2.0344999999997526,2.639025000000129
2021-04-23 11:20:00,4142.8985,-2.3314999999993233,2.3314999999993233,2.645075000000088
2021-04-23 11:35:00,4145.1669999999995,2.2684999999992215,2.2684999999992215,2.588500000000022
2021-04-23 11:50:00,4141.6759999999995,-3.4909999999999854,3.4909999999999854,2.6768500000000133
2021-04-23 12:00:00,4144.73,3.0540000000000873,3.0540000000000873,2.7282000000000153
2021-04-23 12:00:00,4142.1939999999995,-2.536000000000058,2.536000000000058,2.6196249999999965
2021-04-23 12:05:00,4144.192499999999,1.9984999999996944,1.9984999999996944,2.6339500000000045
2021-04-23 12:35:00,4137.1685,-7.0239999999994325,7.0239999999994325,2.924850000000015
2021-04-23 12:40:00,4140.2255000000005,3.0570000000006985,3.0570000000006985,2.9511250000000473
2021-04-23 12:45:00,4138.594000000001,-1.6314999999995052,1.6314999999995052,2.865975000000026
2021-04-23 12:45:00,4139.9105,1.316499999998996,1.316499999998996,2.791724999999997
2021-04-23 12:50:00,4138.192499999999,-1.7180000000007567,1.7180000000007567,2.787175000000025
2021-04-23 13:05:00,4140.7075,2.515000000001237,2.515000000001237,2.762325000000055
2021-04-23 13:10:00,4138.370000000001,-2.337499999999636,2.337499999999636,2.7176250000000435
2021-04-23 13:10:00,4142.406,4.035999999999149,4.035999999999149,2.7929250000000136
2021-04-23 13:15:00,4140.1745,-2.231499999999869,2.231499999999869,2.8029250000000046
2021-04-23 13:25:00,4141.4255,1.2510000000002037,1.2510000000002037,2.7040500000000067
2021-04-23 13:30:00,4139.67,-1.755500000000211,1.755500000000211,2.641899999999987
2021-04-23 13:35:00,4146.23,6.559999999999491,6.559999999999491,2.8312499999999092
2021-04-23 13:45:00,4141.191,-5.03899999999976,5.03899999999976,2.9093249999998534
2021-04-23 14:05:00,4156.4015,15.210500000000138,15.210500000000138,3.5681249999998728
2021-04-23 14:20:00,4152.701500000001,-3.6999999999989086,3.6999999999989086,3.636549999999852
2021-04-23 14:55:00,4172.206,19.504499999999098,19.504499999999098,4.498349999999846
2021-04-23 15:05:00,4168.1669999999995,-4.039000000000669,4.039000000000669,4.52574999999988
2021-04-23 15:15:00,4174.977000000001,6.81000000000131,6.81000000000131,4.713549999999941
2021-04-23 15:20:00,4173.1775,-1.7995000000009895,1.7995000000009895,4.676724999999988
2021-04-23 15:30:00,4174.977000000001,1.7995000000009895,1.7995000000009895,4.666775000000053
2021-04-23 15:40:00,4172.200000000001,-2.7770000000000437,2.7770000000000437,4.454425000000083
2021-04-23 15:50:00,4176.724,4.5239999999994325,4.5239999999994325,4.52777500000002
2021-04-23 15:55:00,4174.4,-2.324000000000524,2.324000000000524,4.56240000000007
2021-04-23 16:05:00,4177.427,3.0270000000000437,3.0270000000000437,4.647925000000123
2021-04-23 16:10:00,4175.3925,-2.0344999999997526,2.0344999999997526,4.663750000000073
2021-04-23 16:15:00,4177.2315,1.8389999999999418,1.8389999999999418,4.629950000000008
2021-04-23 16:25:00,4175.6669999999995,-1.5645000000004075,1.5645000000004075,4.591300000000047
2021-04-23 16:30:00,4178.409,2.742000000000189,2.742000000000189,4.526600000000099
2021-04-23 16:35:00,4176.8685,-1.5405000000000655,1.5405000000000655,4.492050000000108
2021-04-23 16:55:00,4184.7225,7.854000000000269,7.854000000000269,4.8222000000001115
2021-04-23 17:00:00,4181.6669999999995,-3.055500000000393,3.055500000000393,4.887200000000121
2021-04-23 17:10:00,4183.706,2.0390000000006694,2.0390000000006694,4.6611500000001795
2021-04-23 17:25:00,4180.894,-2.811999999999898,2.811999999999898,4.549800000000187
2021-04-23 17:40:00,4185.697,4.802999999999884,4.802999999999884,4.029425000000174
2021-04-23 17:50:00,4181.871499999999,-3.8255000000008295,3.8255000000008295,4.03570000000027
2021-04-23 18:10:00,4184.396999999999,2.525499999999738,2.525499999999738,3.186750000000302
2021-04-23 18:25:00,4179.6775,-4.719499999999243,4.719499999999243,3.2207750000002306
2021-04-23 18:30:00,4182.706,3.0285000000003492,3.0285000000003492,3.031700000000183
2021-04-23 18:35:00,4181.191,-1.5150000000003274,1.5150000000003274,3.0174750000001493
2021-04-23 18:55:00,4187.4255,6.23450000000048,6.23450000000048,3.239225000000124
2021-04-23 19:05:00,4183.889499999999,-3.5360000000009677,3.5360000000009677,3.2771750000001703
2021-04-23 19:35:00,4194.4015,10.512000000000626,10.512000000000626,3.57657500000023
2021-04-23 20:10:00,4174.397,-20.004500000000007,20.004500000000007,4.460600000000204
2021-04-25 22:00:00,4179.409,5.011999999999716,5.011999999999716,4.559850000000187
2021-04-25 22:10:00,4176.1715,-3.2374999999992724,3.2374999999992724,4.6200000000001635
2021-04-25 22:30:00,4180.407499999999,4.235999999998967,4.235999999998967,4.739850000000115
2021-04-25 22:45:00,4178.894,-1.5134999999991123,1.5134999999991123,4.73730000000005
2021-04-25 22:45:00,4179.9,1.0059999999994034,1.0059999999994034,4.650500000000011
2021-04-25 23:00:00,4176.903,-2.996999999999389,2.996999999999389,4.723324999999977
2021-04-25 23:05:00,4179.206,2.3029999999998836,2.3029999999998836,4.445774999999958
2021-04-25 23:10:00,4177.197,-2.0090000000000146,2.0090000000000146,4.393449999999939
2021-04-25 23:15:00,4178.424,1.2269999999998618,1.2269999999998618,4.352849999999899
2021-04-25 23:40:00,4175.3685000000005,-3.0554999999994834,3.0554999999994834,4.365024999999878
2021-04-25 23:40:00,4176.9285,1.5599999999994907,1.5599999999994907,4.2028749999998585
2021-04-25 23:45:00,4174.6669999999995,-2.261500000000524,2.261500000000524,4.124674999999843
2021-04-25 23:55:00,4176.227000000001,1.5600000000013097,1.5600000000013097,4.076399999999921
2021-04-26 00:00:00,4172.3955000000005,-3.831500000000233,3.831500000000233,4.031999999999971
2021-04-26 00:15:00,4176.9015,4.505999999999403,4.505999999999403,4.105874999999924
2021-04-26 00:15:00,4175.894,-1.007499999999709,1.007499999999709,4.080499999999892
2021-04-26 00:25:00,4179.2015,3.307499999999891,3.307499999999891,3.934149999999863
2021-04-26 00:45:00,4177.1985,-2.0029999999997017,2.0029999999997017,3.8574999999998
2021-04-26 00:50:00,4178.406,1.207499999999527,1.207499999999527,3.392274999999745
2021-04-26 01:00:00,4176.101500000001,-2.3044999999992797,2.3044999999992797,2.5072749999997086
2021-04-26 01:10:00,4179.1894999999995,3.0879999999988286,3.0879999999988286,2.411074999999664
2021-04-26 01:15:00,4175.376,-3.8134999999992942,3.8134999999992942,2.4398749999996654
2021-04-26 01:30:00,4178.933,3.556999999999789,3.556999999999789,2.4059249999997063
2021-04-26 01:40:00,4176.6955,-2.237500000000182,2.237500000000182,2.44212499999976
2021-04-26 01:55:00,4181.7315,5.036000000000058,5.036000000000058,2.6436249999997927
2021-04-26 02:00:00,4180.67,-1.0614999999997963,1.0614999999997963,2.546849999999813
2021-04-26 02:15:00,4182.2285,1.5585000000000946,1.5585000000000946,2.5096249999998235
2021-04-26 02:20:00,4180.692499999999,-1.5360000000009677,1.5360000000009677,2.485974999999871
2021-04-26 02:30:00,4182.8745,2.1820000000006985,2.1820000000006985,2.533724999999913
2021-04-26 02:30:00,4181.2955,-1.5789999999997235,1.5789999999997235,2.459899999999925
2021-04-26 02:55:00,4183.424,2.1284999999998035,2.1284999999998035,2.4883249999999406
2021-04-26 03:05:00,4181.6894999999995,-1.7345000000004802,1.7345000000004802,2.4619749999999385
2021-04-26 03:15:00,4183.406,1.716500000000451,1.716500000000451,2.4697999999998954
2021-04-26 03:30:00,4181.700000000001,-1.7059999999992215,1.7059999999992215,2.363524999999845
2021-04-26 03:30:00,4182.403,0.7029999999995198,0.7029999999995198,2.173374999999851
2021-04-26 03:35:00,4181.6669999999995,-0.7360000000007858,0.7360000000007858,2.1597999999999047
2021-04-26 03:40:00,4182.43,0.7630000000008295,0.7630000000008295,2.0325749999999516
2021-04-26 03:55:00,4181.9,-0.5300000000006548,0.5300000000006548,1.9589249999999994
2021-04-26 04:00:00,4183.7075,1.8075000000008004,1.8075000000008004,1.988925000000063
2021-04-26 04:10:00,4182.6685,-1.0390000000006694,1.0390000000006694,1.9256500000001324
2021-04-26 04:10:00,4183.407499999999,0.738999999999578,0.738999999999578,1.80820000000017
2021-04-26 04:25:00,4182.3685000000005,-1.0389999999988504,1.0389999999988504,1.6694750000001477
2021-04-26 04:40:00,4183.209,0.8404999999993379,0.8404999999993379,1.5336500000001252
2021-04-26 04:45:00,4182.4,-0.8090000000001965,0.8090000000001965,1.4622250000001258
2021-04-26 04:45:00,4183.209,0.8090000000001965,0.8090000000001965,1.2508750000001327
2021-04-26 05:00:00,4182.1669999999995,-1.042000000000371,1.042000000000371,1.2499000000001614
2021-04-26 05:00:00,4183.406,1.2390000000004875,1.2390000000004875,1.2339250000001811
2021-04-26 05:10:00,4181.17,-2.2359999999998763,2.2359999999998763,1.2689250000001266
2021-04-26 05:20:00,4182.4,1.2299999999995634,1.2299999999995634,1.22132500000007
2021-04-26 05:20:00,4180.8745,-1.525499999999738,1.525499999999738,1.2186500000000706
2021-04-26 05:30:00,4183.2045,2.3299999999999272,2.3299999999999272,1.2287250000000767
2021-04-26 05:50:00,4179.8715,-3.332999999999629,3.332999999999629,1.3086500000000343
2021-04-26 06:00:00,4181.1985,1.3270000000002256,1.3270000000002256,1.2891750000000228
2021-04-26 06:05:00,4179.397,-1.8015000000004875,1.8015000000004875,1.2939500000000863
2021-04-26 06:15:00,4181.422500000001,2.0255000000006476,2.0255000000006476,1.3600750000001427
2021-04-26 06:20:00,4179.6894999999995,-1.7330000000010841,1.7330000000010841,1.4099250000001575
2021-04-26 06:30:00,4181.7045,2.0150000000003274,2.0150000000003274,1.4725250000001324
2021-04-26 06:35:00,4180.6939999999995,-1.0105000000003201,1.0105000000003201,1.4965500000001157
2021-04-26 06:40:00,4181.727000000001,1.033000000001266,1.033000000001266,1.457825000000139
2021-04-26 06:55:00,4180.1955,-1.5315000000009604,1.5315000000009604,1.4824500000001535
2021-04-26 07:00:00,4181.227000000001,1.0315000000009604,1.0315000000009604,1.4970750000002226
2021-04-26 07:00:00,4179.391,-1.8360000000011496,1.8360000000011496,1.5369250000003376
2021-04-26 07:10:00,4182.8685000000005,3.477500000000873,3.477500000000873,1.6687750000004145
2021-04-26 07:10:00,4179.873,-2.995500000000902,2.995500000000902,1.7781000000004497
2021-04-26 07:25:00,4182.203,2.3300000000008367,2.3300000000008367,1.8541500000004816
2021-04-26 07:35:00,4178.67,-3.5330000000003565,3.5330000000003565,1.9787000000004809
2021-04-26 07:45:00,4180.2075,1.5375000000003638,1.5375000000003638,1.9936250000004747
2021-04-26 07:50:00,4177.867,-2.3405000000002474,2.3405000000002474,1.9988500000004934
2021-04-26 08:00:00,4179.9015,2.0344999999997526,2.0344999999997526,2.0390750000005027
2021-04-26 08:10:00,4178.3685000000005,-1.532999999999447,1.532999999999447,2.039450000000488
2021-04-26 08:10:00,4179.7015,1.332999999999629,1.332999999999629,1.9896000000004732
2021-04-26 08:35:00,4173.1939999999995,-6.5075000000006185,6.5075000000006185,2.148325000000523
2021-04-26 09:20:00,4177.403,4.209000000000742,4.209000000000742,2.2924250000005486
2021-04-26 09:35:00,4173.870000000001,-3.532999999999447,3.532999999999447,2.3790000000004965
2021-04-26 09:45:00,4176.2105,2.340499999999338,2.340499999999338,2.394750000000431
2021-04-26 10:00:00,4171.692499999999,-4.518000000000939,4.518000000000939,2.534000000000424
2021-04-26 10:10:00,4176.3925,4.700000000000728,4.700000000000728,2.6682500000004437
2021-04-26 10:20:00,4173.422500000001,-2.969999999999345,2.969999999999345,2.766225000000395
2021-04-26 10:25:00,4175.803,2.3804999999993015,2.3804999999993015,2.8336000000002968
2021-04-26 10:40:00,4173.703,-2.0999999999994543,2.0999999999994543,2.8620250000002216
2021-04-26 10:40:00,4174.43,0.7269999999998618,0.7269999999998618,2.8468000000001665
2021-04-26 10:45:00,4173.373,-1.0570000000006985,1.0570000000006985,2.807850000000144
2021-04-26 10:55:00,4175.894,2.5210000000006403,2.5210000000006403,2.7600250000001325
2021-04-26 11:05:00,4172.373,-3.5210000000006403,3.5210000000006403,2.7863000000001192
2021-04-26 11:15:00,4177.376,5.003000000000611,5.003000000000611,2.919950000000108
2021-04-26 11:25:00,4175.1685,-2.2075000000004366,2.2075000000004366,2.853675000000112
2021-04-26 12:05:00,4179.4015,4.233000000000175,4.233000000000175,2.9884500000001024
2021-04-26 12:15:00,4177.700000000001,-1.7014999999992142,1.7014999999992142,2.9565000000000508
2021-04-26 12:20:00,4180.209,2.508999999999105,2.508999999999105,2.9802250000000186
2021-04-26 12:35:00,4177.891,-2.318000000000211,2.318000000000211,3.0194750000000568
2021-04-26 12:40:00,4180.6985,2.8075000000008004,2.8075000000008004,3.0932000000001154
2021-04-26 12:45:00,4178.897000000001,-1.801499999999578,1.801499999999578,2.8579000000000634
2021-04-26 12:50:00,4181.706,2.808999999999287,2.808999999999287,2.7878999999999907
2021-04-26 13:00:00,4179.6984999999995,-2.0075000000006185,2.0075000000006185,2.711625000000049
2021-04-26 13:15:00,4181.8955,2.1970000000001164,2.1970000000001164,2.704450000000088
2021-04-26 13:15:00,4181.192499999999,-0.7030000000004293,0.7030000000004293,2.5137000000000627
2021-04-26 13:40:00,4191.206,10.013500000000931,10.013500000000931,2.7793750000000728
2021-04-26 13:50:00,4183.6985,-7.507499999999709,7.507499999999709,3.006250000000091
2021-04-26 14:10:00,4193.209000000001,9.51050000000032,9.51050000000032,3.362750000000142
2021-04-26 14:15:00,4188.1,-5.109000000000378,5.109000000000378,3.513200000000188
2021-04-26 14:20:00,4192.406,4.305999999999585,4.305999999999585,3.6921500000001743
2021-04-26 14:35:00,4188.37,-4.036000000000058,4.036000000000058,3.841100000000142
2021-04-26 14:35:00,4190.409,2.03899999999976,2.03899999999976,3.8170000000000983
2021-04-26 14:45:00,4187.8745,-2.5344999999997526,2.5344999999997526,3.767675000000054
2021-04-26 14:50:00,4191.706,3.831500000000233,3.831500000000233,3.709100000000035
2021-04-26 14:50:00,4188.394,-3.311999999999898,3.311999999999898,3.764325000000008
2021-04-26 15:05:00,4192.924000000001,4.530000000000655,4.530000000000655,3.779175000000032
2021-04-26 15:05:00,4191.3985,-1.5255000000006476,1.5255000000006476,3.7703750000001035
2021-04-26 15:15:00,4192.906000000001,1.5075000000006185,1.5075000000006185,3.7203000000001794
2021-04-26 15:15:00,4189.9015,-3.0045000000009168,3.0045000000009168,3.754625000000215
2021-04-26 15:20:00,4192.206,2.304500000000189,2.304500000000189,3.729475000000184
2021-04-26 15:50:00,4187.87,-4.33600000000024,4.33600000000024,3.856200000000217
2021-04-26 15:50:00,4189.403,1.5330000000003565,1.5330000000003565,3.7924000000002707
2021-04-26 16:15:00,4185.1685,-4.23450000000048,4.23450000000048,3.903750000000264
2021-04-26 16:20:00,4186.904500000001,1.7360000000007858,1.7360000000007858,3.880700000000297
2021-04-26 16:25:00,4184.6745,-2.230000000000473,2.230000000000473,3.9570500000002995
2021-04-26 16:45:00,4189.7075,5.0330000000003565,5.0330000000003565,3.7080250000002706
2021-04-26 16:50:00,4187.394,-2.3135000000002037,2.3135000000002037,3.4483250000002954
2021-04-26 16:50:00,4188.904500000001,1.5105000000003201,1.5105000000003201,3.0483250000002955
2021-04-26 17:10:00,4185.889499999999,-3.015000000001237,3.015000000001237,2.9436250000003383
2021-04-26 17:10:00,4187.9,2.01050000000032,2.01050000000032,2.828850000000375
2021-04-26 17:20:00,4184.6955,-3.2044999999998254,3.2044999999998254,2.7872750000003634
2021-04-26 17:30:00,4186.906000000001,2.2105000000010477,2.2105000000010477,2.795850000000428
2021-04-26 17:30:00,4184.694,-2.212000000000444,2.212000000000444,2.7797250000004623
2021-04-26 18:00:00,4190.409,5.714999999999236,5.714999999999236,2.8739000000004125
2021-04-26 18:15:00,4188.873,-1.5360000000000582,1.5360000000000582,2.7851000000004205
2021-04-26 18:30:00,4191.7255000000005,2.852500000000873,2.852500000000873,2.7012250000004316
2021-04-26 18:35:00,4190.194,-1.531500000000051,1.531500000000051,2.7015250000004016
2021-04-26 19:00:00,4192.9075,2.71349999999984,2.71349999999984,2.761825000000363
2021-04-26 19:00:00,4191.1669999999995,-1.740500000000793,1.740500000000793,2.6986250000003564
2021-04-26 19:05:00,4193.209000000001,2.0420000000012806,2.0420000000012806,2.685500000000411
2021-04-26 19:15:00,4191.898499999999,-1.3105000000014115,1.3105000000014115,2.5342250000004696
2021-04-26 19:20:00,4193.7075,1.809000000001106,1.809000000001106,2.548025000000507
2021-04-26 19:30:00,4181.1985,-12.509000000000015,12.509000000000015,2.961750000000484
2021-04-26 19:40:00,4190.7,9.501499999999396,9.501499999999396,3.3500250000004144
2021-04-26 19:50:00,4183.6224999999995,-7.077500000000327,7.077500000000327,3.5924000000004073
2021-04-26 20:00:00,4190.924,7.3015000000004875,7.3015000000004875,3.705825000000414
2021-04-26 20:05:00,4184.397000000001,-6.526999999999134,6.526999999999134,3.9165000000003602
2021-04-26 22:05:00,4187.3955,2.998499999998785,2.998499999998785,3.990900000000283
2021-04-26 22:20:00,4190.1955,2.800000000000182,2.800000000000182,3.9801500000002306
2021-04-26 22:20:00,4188.9015,-1.293999999999869,1.293999999999869,3.944325000000208
2021-04-26 22:30:00,4189.9015,1.0,1.0,3.834100000000217
2021-04-26 22:35:00,4188.697,-1.2044999999998254,1.2044999999998254,3.7838000000001557
2021-04-26 22:35:00,4189.424,0.7269999999998618,0.7269999999998618,3.7095500000001267
2021-04-26 22:55:00,4187.8925,-1.531500000000051,1.531500000000051,3.5003750000001674
2021-04-26 23:10:00,4189.407499999999,1.514999999999418,1.514999999999418,3.4993250000001352
2021-04-26 23:20:00,4187.2029999999995,-2.2044999999998254,2.2044999999998254,3.466925000000083
2021-04-26 23:45:00,4192.431500000001,5.228500000001077,5.228500000001077,3.6517750000001343
2021-04-26 23:55:00,4190.6745,-1.7570000000005166,1.7570000000005166,3.603950000000168
2021-04-26 23:55:00,4191.422500000001,0.748000000000502,0.748000000000502,3.5543250000001536
2021-04-27 00:20:00,4187.867,-3.555500000000393,3.555500000000393,3.630000000000109
2021-04-27 00:25:00,4188.897000000001,1.0300000000006548,1.0300000000006548,3.615975000000071
2021-04-27 00:35:00,4186.7015,-2.1955000000007203,2.1955000000007203,3.635300000000052
2021-04-27 00:40:00,4188.9285,2.2269999999998618,2.2269999999998618,3.1212000000000444
2021-04-27 00:45:00,4187.6985,-1.2299999999995634,1.2299999999995634,2.7076250000000526
2021-04-27 00:50:00,4188.904500000001,1.206000000000131,1.206000000000131,2.414050000000043
2021-04-27 00:55:00,4188.200000000001,-0.7044999999998254,0.7044999999998254,2.08420000000001
2021-04-27 01:00:00,4189.897,1.696999999999207,1.696999999999207,1.8427000000000135
2021-04-27 01:15:00,4187.8955000000005,-2.001499999999396,2.001499999999396,1.792850000000044
2021-04-27 01:20:00,4190.2075,2.311999999999898,2.311999999999898,1.7684500000000298
2021-04-27 01:20:00,4189.192499999999,-1.015000000001237,1.015000000001237,1.7545000000000983
2021-04-27 01:30:00,4190.406,1.2135000000007494,1.2135000000007494,1.7651750000001356
2021-04-27 01:35:00,4187.370000000001,-3.0359999999991487,3.0359999999991487,1.8567500000001018
2021-04-27 02:00:00,4190.7315,3.3614999999990687,3.3614999999990687,1.9884750000000622
2021-04-27 02:05:00,4189.870000000001,-0.8614999999990687,0.8614999999990687,1.954975000000013
2021-04-27 02:15:00,4190.891,1.0209999999988213,1.0209999999988213,1.9302749999999833
2021-04-27 02:35:00,4188.173000000001,-2.7179999999989377,2.7179999999989377,1.9559499999999388
2021-04-27 02:40:00,4189.2075,1.0344999999997526,1.0344999999997526,1.7462499999998726
2021-04-27 02:50:00,4188.373,-0.834500000000844,0.834500000000844,1.700124999999889
2021-04-27 02:50:00,4189.1955,0.8225000000002183,0.8225000000002183,1.7038499999998749
2021-04-27 03:00:00,4187.6894999999995,-1.5060000000003129,1.5060000000003129,1.6013749999998708
2021-04-27 03:20:00,4189.931500000001,2.2420000000010987,2.2420000000010987,1.661974999999893
2021-04-27 03:20:00,4189.190999999999,-0.7405000000017026,0.7405000000017026,1.5892249999999422
2021-04-27 03:40:00,4190.906,1.715000000001055,1.715000000001055,1.5636250000000018
2021-04-27 03:55:00,4189.873,-1.0330000000003565,1.0330000000003565,1.5537750000000414
2021-04-27 04:05:00,4190.4255,0.5525000000006912,0.5525000000006912,1.5211000000000694
2021-04-27 04:20:00,4190.1669999999995,-0.2585000000008222,0.2585000000008222,1.4988000000001194
2021-04-27 04:30:00,4191.2045,1.0375000000003638,1.0375000000003638,1.4658250000001771
2021-04-27 04:40:00,4190.2,-1.0045000000000073,1.0045000000000073,1.4159750000002078
2021-04-27 04:55:00,4191.206,1.0060000000003129,1.0060000000003129,1.3506750000002286
2021-04-27 04:55:00,4190.403,-0.8029999999998836,0.8029999999998836,1.3400750000001609
2021-04-27 05:15:00,4192.206,1.8029999999998836,1.8029999999998836,1.3695500000001175
2021-04-27 05:20:00,4191.6955,-0.5105000000003201,0.5105000000003201,1.243275000000176
2021-04-27 05:30:00,4196.897,5.201500000000124,5.201500000000124,1.335275000000229
2021-04-27 05:35:00,4195.200000000001,-1.696999999999207,1.696999999999207,1.3770500000002357
2021-04-27 05:50:00,4199.2029999999995,4.002999999998792,4.002999999998792,1.5261500000002344
2021-04-27 06:30:00,4193.1894999999995,-6.013500000000022,6.013500000000022,1.6909250000002884
2021-04-27 06:45:00,4194.2285,1.0390000000006694,1.0390000000006694,1.6911500000003343
2021-04-27 06:55:00,4191.889499999999,-2.3390000000008513,2.3390000000008513,1.7663750000003346
2021-04-27 07:00:00,4193.9045,2.0150000000003274,2.0150000000003274,1.8260000000003402
2021-04-27 07:15:00,4191.3925,-2.5119999999997162,2.5119999999997162,1.8763000000003103
2021-04-27 07:20:00,4193.733,2.3405000000002474,2.3405000000002474,1.8812250000002677
2021-04-27 07:30:00,4191.6669999999995,-2.066000000000713,2.066000000000713,1.9475000000002183
2021-04-27 07:35:00,4192.907499999999,1.2404999999998836,1.2404999999998836,1.9237750000001597
2021-04-27 07:40:00,4191.394,-1.5134999999991123,1.5134999999991123,1.9478000000000975
2021-04-27 08:05:00,4194.409,3.014999999999418,3.014999999999418,2.0709250000000337
2021-04-27 08:10:00,4189.873,-4.536000000000058,4.536000000000058,2.2847999999999957
2021-04-27 08:35:00,4192.700000000001,2.827000000001135,2.827000000001135,2.374275000000034
2021-04-27 08:45:00,4191.192499999999,-1.507500000001528,1.507500000001528,2.39942500000011
2021-04-27 08:50:00,4192.9,1.7075000000004366,1.7075000000004366,2.4345000000001162
2021-04-27 08:50:00,4191.6759999999995,-1.22400000000016,1.22400000000016,2.4555500000001302
2021-04-27 08:55:00,4192.7045,1.0285000000003492,1.0285000000003492,2.4168250000001534
2021-04-27 09:15:00,4190.8955000000005,-1.808999999999287,1.808999999999287,2.481750000000102
2021-04-27 09:20:00,4192.927,2.0314999999991414,2.0314999999991414,2.3232500000000527
2021-04-27 09:25:00,4191.3715,-1.5554999999994834,1.5554999999994834,2.3161750000000665
2021-04-27 09:25:00,4192.2045,0.8329999999996289,0.8329999999996289,2.1576750000001086
2021-04-27 09:35:00,4190.373,-1.8315000000002328,1.8315000000002328,1.948575000000119
2021-04-27 09:40:00,4191.2029999999995,0.8299999999999272,0.8299999999999272,1.9381250000000818
2021-04-27 09:50:00,4183.904500000001,-7.298499999998967,7.298499999998967,2.1860999999999877
2021-04-27 10:20:00,4190.2285,6.323999999999614,6.323999999999614,2.401549999999952
2021-04-27 10:35:00,4188.367,-1.8614999999999782,1.8614999999999782,2.369024999999965
2021-04-27 10:50:00,4190.706,2.338999999999942,2.338999999999942,2.3689499999999497
2021-04-27 10:50:00,4189.8715,-0.8344999999999345,0.8344999999999345,2.3073749999999107
2021-04-27 11:00:00,4192.706,2.8344999999999345,2.8344999999999345,2.3870749999999132
2021-04-27 11:05:00,4191.3685000000005,-1.3374999999996362,1.3374999999996362,2.3782749999999395
2021-04-27 11:15:00,4192.3955000000005,1.0270000000000437,1.0270000000000437,2.278874999999971
2021-04-27 11:25:00,4190.3955000000005,-2.0,2.0,2.152074999999968
2021-04-27 11:30:00,4192.5985,2.20299999999952,2.20299999999952,2.120874999999887
2021-04-27 11:45:00,4189.403,-3.195499999999811,3.195499999999811,2.2052749999998014
2021-04-27 11:50:00,4191.4,1.9969999999993888,1.9969999999993888,2.219749999999749
2021-04-27 11:50:00,4189.897,-1.5029999999997017,1.5029999999997017,2.2336999999997262
2021-04-27 12:20:00,4193.209000000001,3.3120000000008076,3.3120000000008076,2.347874999999749
2021-04-27 12:30:00,4191.1955,-2.0135000000009313,2.0135000000009313,2.358099999999831
2021-04-27 12:40:00,4191.9015,0.706000000000131,0.706000000000131,2.2918249999998808
2021-04-27 12:45:00,4189.867,-2.0344999999997526,2.0344999999997526,2.3157749999998942
2021-04-27 12:50:00,4190.933,1.0659999999998035,1.0659999999998035,2.327424999999903
2021-04-27 13:00:00,4188.891,-2.042000000000371,2.042000000000371,2.3379499999999096
2021-04-27 13:10:00,4190.7255000000005,1.834500000000844,1.834500000000844,2.3881749999999555
2021-04-27 13:15:00,4189.1685,-1.5570000000006985,1.5570000000006985,2.1011000000000424
2021-04-27 13:25:00,4191.424,2.255500000000211,2.255500000000211,1.897675000000072
2021-04-27 13:40:00,4179.197,-12.226999999999862,12.226999999999862,2.415950000000066
2021-04-27 13:40:00,4182.7075,3.51050000000032,3.51050000000032,2.474525000000085
2021-04-27 13:50:00,4179.6715,-3.036000000000058,3.036000000000058,2.5846000000000915
2021-04-27 13:55:00,4182.73,3.058499999999185,3.058499999999185,2.595800000000054
2021-04-27 14:00:00,4177.197,-5.532999999999447,5.532999999999447,2.8055750000000446
2021-04-27 14:00:00,4183.93,6.733000000000175,6.733000000000175,3.090875000000051
2021-04-27 14:15:00,4174.9075,-9.022500000000036,9.022500000000036,3.4420000000000526
2021-04-27 14:30:00,4183.9255,9.018000000000029,9.018000000000029,3.782750000000078
2021-04-27 14:40:00,4176.9075,-7.018000000000029,7.018000000000029,3.9738750000000893
2021-04-27 14:45:00,4184.8955,7.987999999999374,7.987999999999374,4.273425000000088
2021-04-27 15:00:00,4181.1985,-3.696999999999207,3.696999999999207,4.383125000000064
2021-04-27 15:15:00,4185.43,4.231499999999869,4.231499999999869,4.429100000000017
2021-04-27 15:20:00,4182.1955,-3.23450000000048,3.23450000000048,4.4901499999999945
2021-04-27 15:25:00,4184.3925,2.1970000000001164,2.1970000000001164,4.564699999999993
2021-04-27 15:25:00,4182.6745,-1.7179999999998472,1.7179999999998472,4.548874999999998
2021-04-27 15:40:00,4185.710500000001,3.0360000000009677,3.0360000000009677,4.647375000000056
2021-04-27 15:50:00,4183.691,-2.019500000001244,2.019500000001244,4.6462500000001
2021-04-27 15:55:00,4187.904500000001,4.213500000000749,4.213500000000749,4.765200000000095
2021-04-27 15:55:00,4186.797,-1.1075000000009823,1.1075000000009823,4.742725000000109
2021-04-27 16:00:00,4188.6985,1.9015000000008513,1.9015000000008513,4.725025000000142
2021-04-27 16:10:00,4185.706,-2.992500000000291,2.992500000000291,4.263300000000163
2021-04-27 16:20:00,4188.409000000001,2.7030000000004293,2.7030000000004293,4.222925000000169
2021-04-27 16:20:00,4186.389499999999,-2.019500000001244,2.019500000001244,4.172100000000228
2021-04-27 16:25:00,4188.424000000001,2.0345000000015716,2.0345000000015716,4.120900000000347
2021-04-27 16:50:00,4181.3775000000005,-7.046500000000378,7.046500000000378,4.196575000000394
2021-04-27 17:20:00,4186.398499999999,5.020999999998821,5.020999999998821,4.110975000000326
2021-04-27 17:30:00,4183.7,-2.6984999999995125,2.6984999999995125,3.7947750000002998
2021-04-27 17:40:00,4186.903,3.2030000000004293,3.2030000000004293,3.5040250000003197
2021-04-27 17:45:00,4183.871499999999,-3.0315000000009604,3.0315000000009604,3.3047000000003663
2021-04-27 17:55:00,4186.3925,2.5210000000006403,2.5210000000006403,3.0313500000004296
2021-04-27 18:00:00,4182.4015,-3.9909999999999854,3.9909999999999854,3.0460500000004687
2021-04-27 18:35:00,4189.406,7.004500000000007,7.004500000000007,3.1847000000004755
2021-04-27 19:00:00,4185.909000000001,-3.496999999999389,3.496999999999389,3.197825000000421
2021-04-27 19:00:00,4188.7015,2.7924999999995634,2.7924999999995634,3.2276000000003933
2021-04-27 19:05:00,4184.3985,-4.302999999999884,4.302999999999884,3.356850000000395
2021-04-27 19:20:00,4191.2029999999995,6.80449999999928,6.80449999999928,3.5452750000003106
2021-04-27 19:30:00,4188.8745,-2.3284999999996217,2.3284999999996217,3.5607250000002297
2021-04-27 19:40:00,4192.922500000001,4.048000000000684,4.048000000000684,3.5524500000002264
2021-04-27 19:55:00,4184.551,-8.371500000000196,8.371500000000196,3.915650000000187
2021-04-27 20:00:00,4191.724,7.1729999999997744,7.1729999999997744,4.179225000000133
2021-04-27 20:10:00,4186.2075,-5.5164999999997235,5.5164999999997235,4.305425000000104
2021-04-27 22:00:00,4189.9285,3.720999999999549,3.720999999999549,4.35632500000006
2021-04-27 22:05:00,4188.876,-1.0524999999997817,1.0524999999997817,4.3079749999999875
2021-04-27 22:15:00,4190.7075,1.8315000000002328,1.8315000000002328,4.2978249999999205
2021-04-27 22:35:00,4188.894,-1.8135000000002037,1.8135000000002037,4.036174999999912
2021-04-27 23:05:00,4191.6984999999995,2.8044999999992797,2.8044999999992797,3.925349999999935
2021-04-27 23:15:00,4190.6715,-1.0269999999991342,1.0269999999991342,3.841774999999916
2021-04-27 23:25:00,4190.876,0.20449999999982538,0.20449999999982538,3.691849999999886
2021-04-27 23:30:00,4190.370000000001,-0.5059999999994034,0.5059999999994034,3.565574999999808
2021-04-27 23:35:00,4190.9,0.5299999999988358,0.5299999999988358,3.4660249999997177
2021-04-27 23:50:00,4188.370000000001,-2.529999999998836,2.529999999998836,3.39297499999966
2021-04-27 23:50:00,4189.424,1.0539999999991778,1.0539999999991778,3.0954499999996186
2021-04-28 00:00:00,4187.3715,-2.0524999999997817,2.0524999999997817,3.0232249999996386
2021-04-28 00:05:00,4190.2225,2.850999999999658,2.850999999999658,3.0261499999996433
2021-04-28 00:30:00,4186.8775000000005,-3.344999999999345,3.344999999999345,2.9782499999996164
2021-04-28 00:40:00,4188.922500000001,2.0450000000000728,2.0450000000000728,2.740274999999656
2021-04-28 01:00:00,4187.3925,-1.5300000000006548,1.5300000000006548,2.7003499999997076
2021-04-28 01:20:00,4191.2045,3.811999999999898,3.811999999999898,2.688549999999668
2021-04-28 01:30:00,4190.1715,-1.032999999999447,1.032999999999447,2.3216249999996306
2021-04-28 01:30:00,4191.7315,1.5599999999994907,1.5599999999994907,2.0409749999996167
2021-04-28 01:35:00,4190.6669999999995,-1.0645000000004075,1.0645000000004075,1.8183749999996508
2021-04-28 01:50:00,4192.404500000001,1.7375000000010914,1.7375000000010914,1.7191999999997278
2021-04-28 02:10:00,4191.57,-0.834500000000844,0.834500000000844,1.708299999999781
2021-04-28 02:25:00,4193.1984999999995,1.6284999999998035,1.6284999999998035,1.6981499999997596
2021-04-28 02:45:00,4191.6715,-1.5269999999991342,1.5269999999991342,1.6838249999997061
2021-04-28 02:40:00,4192.7255000000005,1.0540000000000873,1.0540000000000873,1.5962999999997465
2021-04-28 02:55:00,4191.367,-1.3585000000002765,1.3585000000002765,1.6128749999998035
2021-04-28 03:05:00,4192.7015,1.3344999999999345,1.3344999999999345,1.669374999999809
2021-04-28 03:10:00,4191.4,-1.3015000000004875,1.3015000000004875,1.7091499999998632
2021-04-28 03:15:00,4192.206,0.8060000000004948,0.8060000000004948,1.7229499999999462
2021-04-28 03:20:00,4191.6669999999995,-0.5390000000006694,0.5390000000006694,1.623400000000038
2021-04-28 03:30:00,4193.2029999999995,1.5360000000000582,1.5360000000000582,1.647500000000082
2021-04-28 03:40:00,4192.224,-0.9789999999993597,0.9789999999993597,1.5938250000000607
2021-04-28 03:45:00,4192.907499999999,0.6834999999991851,0.6834999999991851,1.485450000000037
2021-04-28 04:05:00,4192.3775,-0.5299999999997453,0.5299999999997453,1.344700000000057
2021-04-28 04:20:00,4193.2015,0.8240000000005239,0.8240000000005239,1.2836500000000797
2021-04-28 04:20:00,4193.2015,0.0,0.0,1.207150000000047
2021-04-28 04:25:00,4192.697,-0.5045000000000073,0.5045000000000073,1.0417750000000523
2021-04-28 04:40:00,4193.2225,0.5254999999997381,0.5254999999997381,1.016400000000067
2021-04-28 04:45:00,4193.2,-0.02250000000003638,0.02250000000003638,0.9395250000000942
2021-04-28 05:00:00,4192.197,-1.0029999999997017,1.0029999999997017,0.936450000000059
2021-04-28 05:10:00,4193.2315,1.0344999999997526,1.0344999999997526,0.901299999999992
2021-04-28 05:20:00,4192.67,-0.5614999999997963,0.5614999999997963,0.8876499999999397
2021-04-28 05:25:00,4193.203,0.5330000000003565,0.5330000000003565,0.8328749999999673
2021-04-28 05:25:00,4192.889499999999,-0.3135000000011132,0.3135000000011132,0.7722000000000662
2021-04-28 05:30:00,4193.406,0.516500000000633,0.516500000000633,0.7453250000000935
2021-04-28 05:45:00,4190.8685000000005,-2.5374999999994543,2.5374999999994543,0.8042750000000524
2021-04-28 05:50:00,4191.7045,0.8359999999993306,0.8359999999993306,0.7793500000000222
2021-04-28 05:55:00,4190.8925,-0.8119999999998981,0.8119999999998981,0.7548749999999927
2021-04-28 06:00:00,4192.1984999999995,1.3059999999995853,1.3059999999995853,0.7798749999999472
2021-04-28 06:10:00,4190.4,-1.7984999999998763,1.7984999999998763,0.8428499999999076
2021-04-28 06:15:00,4191.927,1.5270000000000437,1.5270000000000437,0.8423999999999069
2021-04-28 06:20:00,4190.6955,-1.231499999999869,1.231499999999869,0.8550249999999323
2021-04-28 06:35:00,4192.206,1.5105000000003201,1.5105000000003201,0.896374999999989
2021-04-28 06:35:00,4191.867,-0.3389999999999418,0.3389999999999418,0.8868249999999989
2021-04-28 06:55:00,4193.2315,1.3644999999996799,1.3644999999996799,0.9138499999999568
2021-04-28 06:55:00,4192.3685000000005,-0.8629999999993743,0.8629999999993743,0.9569999999999255
2021-04-28 07:00:00,4193.9015,1.532999999999447,1.532999999999447,1.0084249999998973
2021-04-28 07:15:00,4190.389499999999,-3.5120000000006257,3.5120000000006257,1.1577499999999419
2021-04-28 07:15:00,4191.427,1.0375000000003638,1.0375000000003638,1.2084999999999582
2021-04-28 07:20:00,4185.1669999999995,-6.260000000000218,6.260000000000218,1.471349999999984
2021-04-28 07:40:00,4188.9255,3.758500000000822,3.758500000000822,1.6075500000000376
2021-04-28 07:55:00,4186.898499999999,-2.027000000000953,2.027000000000953,1.6808250000000953
2021-04-28 07:55:00,4188.7029999999995,1.8045000000001892,1.8045000000001892,1.744400000000087
2021-04-28 08:20:00,4186.203,-2.4999999999990905,2.4999999999990905,1.8537249999999859
2021-04-28 08:40:00,4190.6939999999995,4.490999999999076,4.490999999999076,2.052449999999908
2021-04-28 08:50:00,4189.6955,-0.9984999999996944,0.9984999999996944,1.9754999999999199
2021-04-28 09:00:00,4191.7,2.0045000000000073,2.0045000000000073,2.033924999999954
2021-04-28 09:05:00,4188.6955,-3.0045000000000073,3.0045000000000073,2.1435499999999594
2021-04-28 09:10:00,4190.2015,1.5060000000003129,1.5060000000003129,2.1535499999999956
2021-04-28 09:35:00,4187.692499999999,-2.509000000000924,2.509000000000924,2.189075000000048
2021-04-28 09:45:00,4189.9,2.2075000000004366,2.2075000000004366,2.2231000000000676
2021-04-28 09:45:00,4188.8955000000005,-1.0044999999990978,1.0044999999990978,2.211750000000029
2021-04-28 09:55:00,4191.6985,2.8029999999998836,2.8029999999998836,2.2763750000000074
2021-04-28 10:00:00,4189.397,-2.3015000000004875,2.3015000000004875,2.3745000000000345
2021-04-28 10:05:00,4191.2105,1.8135000000002037,1.8135000000002037,2.3969500000000608
2021-04-28 10:15:00,4188.867,-2.343499999999949,2.343499999999949,2.4709750000000894
2021-04-28 10:25:00,4191.233,2.3659999999999854,2.3659999999999854,2.5126250000001162
2021-04-28 10:30:00,4190.370000000001,-0.8629999999993743,0.8629999999993743,2.3801750000000537
2021-04-28 10:40:00,4192.407499999999,2.037499999998545,2.037499999998545,2.430174999999963
2021-04-28 10:50:00,4190.1715,-2.235999999998967,2.235999999998967,2.2289749999999002
2021-04-28 10:55:00,4191.6,1.4284999999999854,1.4284999999999854,2.1124749999998587
2021-04-28 11:00:00,4190.3955000000005,-1.2044999999998254,1.2044999999998254,2.071349999999802
2021-04-28 11:10:00,4192.409,2.0134999999991123,2.0134999999991123,2.081799999999748
2021-04-28 11:15:00,4190.691,-1.7179999999998472,1.7179999999998472,2.042699999999786
2021-04-28 11:20:00,4192.7725,2.081500000000233,2.081500000000233,1.922224999999844
2021-04-28 11:45:00,4183.904500000001,-8.867999999999483,8.867999999999483,2.3156999999998336
2021-04-28 11:45:00,4187.906,4.001499999999396,4.001499999999396,2.415549999999803
2021-04-28 11:50:00,4185.9,-2.006000000000313,2.006000000000313,2.365624999999818
2021-04-28 12:05:00,4187.933,2.0330000000003565,2.0330000000003565,2.39197499999982
2021-04-28 12:15:00,4186.906,-1.0270000000000437,1.0270000000000437,2.317874999999776
2021-04-28 12:20:00,4188.7,1.793999999999869,1.793999999999869,2.297199999999748
2021-04-28 12:30:00,4187.1894999999995,-1.5105000000003201,1.5105000000003201,2.322499999999809
2021-04-28 12:30:00,4188.3955,1.206000000000131,1.206000000000131,2.2426499999998213
2021-04-28 12:35:00,4186.8925,-1.5029999999997017,1.5029999999997017,2.202724999999782
2021-04-28 12:45:00,4188.43,1.5375000000003638,1.5375000000003638,2.18892499999979
2021-04-28 12:45:00,4187.2075,-1.2224999999998545,1.2224999999998545,2.1328749999997854
2021-04-28 13:00:00,4190.398499999999,3.190999999998894,3.190999999998894,2.174124999999731
2021-04-28 13:25:00,4188.3985,-1.9999999999990905,1.9999999999990905,2.2309749999997166
2021-04-28 13:30:00,4192.106,3.707499999999527,3.707499999999527,2.314474999999766
2021-04-28 13:35:00,4185.2015,-6.9044999999996435,6.9044999999996435,2.5478999999997995
2021-04-28 13:50:00,4193.700000000001,8.498500000000604,8.498500000000604,2.9013999999998306
2021-04-28 13:50:00,4191.200000000001,-2.5,2.5,2.966174999999839
2021-04-28 14:00:00,4196.209500000001,5.009500000000116,5.009500000000116,3.1159749999998896
2021-04-28 14:00:00,4193.1759999999995,-3.033500000001368,3.033500000001368,3.1817499999999654
2021-04-28 14:05:00,4195.906000000001,2.7300000000013824,2.7300000000013824,3.214175000000023
2021-04-28 14:35:00,4189.409,-6.497000000001208,6.497000000001208,3.0956250000001093
2021-04-28 14:50:00,4193.206,3.79700000000048,3.79700000000048,3.0854000000001633
2021-04-28 14:45:00,4190.896999999999,-2.309000000001106,2.309000000001106,3.100550000000203
2021-04-28 14:55:00,4193.406000000001,2.5090000000018335,2.5090000000018335,3.124350000000277
2021-04-28 15:05:00,4190.1985,-3.2075000000004366,3.2075000000004366,3.2333750000002963
2021-04-28 15:10:00,4192.897,2.6984999999995125,2.6984999999995125,3.278600000000279
2021-04-28 15:15:00,4189.1745,-3.7224999999998545,3.7224999999998545,3.3892000000002556
2021-04-28 15:25:00,4191.403,2.2285000000001673,2.2285000000001673,3.440325000000257
2021-04-28 15:30:00,4188.889499999999,-2.5135000000009313,2.5135000000009313,3.490850000000319
2021-04-28 15:35:00,4191.1685,2.279000000000451,2.279000000000451,3.527925000000323
2021-04-28 16:00:00,4183.367,-7.801499999999578,7.801499999999578,3.856875000000309
2021-04-28 16:10:00,4188.7255000000005,5.3585000000002765,5.3585000000002765,3.9652500000003785
2021-04-28 16:15:00,4186.8955,-1.8300000000008367,1.8300000000008367,3.956750000000466
2021-04-28 16:15:00,4188.733,1.8375000000005457,1.8375000000005457,3.8632500000005168
2021-04-28 16:20:00,4187.673,-1.0600000000004002,1.0600000000004002,3.5710250000005543
2021-04-28 16:30:00,4189.194,1.5210000000006403,1.5210000000006403,3.222150000000556
2021-04-28 16:35:00,4187.17,-2.024000000000342,2.024000000000342,3.1983500000005733
2021-04-28 16:40:00,4189.710500000001,2.540500000000975,2.540500000000975,3.0749000000006164
2021-04-28 16:45:00,4188.6669999999995,-1.0435000000015862,1.0435000000015862,2.975400000000627
2021-04-28 16:50:00,4190.710500000001,2.043500000001586,2.043500000001586,2.9410750000006374
2021-04-28 16:55:00,4189.1955,-1.515000000001237,1.515000000001237,2.691975000000639
2021-04-28 17:10:00,4190.203,1.0075000000006185,1.0075000000006185,2.552500000000646
2021-04-28 17:10:00,4188.6745,-1.5285000000003492,1.5285000000003492,2.513475000000608
2021-04-28 17:15:00,4189.909000000001,1.2345000000004802,1.2345000000004802,2.4497500000005403
2021-04-28 17:20:00,4188.6669999999995,-1.2420000000010987,1.2420000000010987,2.3514750000005735
2021-04-28 17:30:00,4190.227,1.5600000000004002,1.5600000000004002,2.294550000000618
2021-04-28 18:00:00,4181.1985,-9.02849999999944,9.02849999999944,2.559850000000597
2021-04-28 18:00:00,4194.2075,13.009000000000015,13.009000000000015,3.0988750000005894
2021-04-28 18:10:00,4185.173,-9.034500000000662,9.034500000000662,3.424925000000576
2021-04-28 18:20:00,4191.43,6.257000000000517,6.257000000000517,3.623825000000579
2021-04-28 18:30:00,4184.07,-7.360000000000582,7.360000000000582,3.6017500000006293
2021-04-28 18:45:00,4202.2045,18.134500000000116,18.134500000000116,4.2405500000006215
2021-04-28 18:50:00,4195.6895,-6.514999999999418,6.514999999999418,4.474800000000551
2021-04-28 18:50:00,4197.904500000001,2.2150000000001455,2.2150000000001455,4.493675000000531
2021-04-28 19:05:00,4192.6955,-5.209000000000742,5.209000000000742,4.701125000000547
2021-04-28 19:05:00,4196.4255,3.730000000000473,3.730000000000473,4.8115750000005395
2021-04-28 19:10:00,4183.398499999999,-13.027000000000953,13.027000000000953,5.36172500000057
2021-04-28 19:25:00,4192.422500000001,9.024000000001251,9.024000000001251,5.685900000000584
2021-04-28 19:30:00,4188.1685,-4.254000000000815,4.254000000000815,5.846425000000545
2021-04-28 19:35:00,4193.898499999999,5.729999999999563,5.729999999999563,6.0307500000004435
2021-04-28 19:55:00,4182.6955,-11.20299999999952,11.20299999999952,6.515150000000358
2021-04-28 20:05:00,4191.2285,8.533000000000357,8.533000000000357,6.8914250000003445
2021-04-28 20:10:00,4187.3685000000005,-3.8599999999996726,3.8599999999996726,7.008000000000311
2021-04-28 22:00:00,4191.6775,4.308999999999287,4.308999999999287,7.161725000000251
2021-04-28 22:20:00,4195.030000000001,3.352500000000873,3.352500000000873,7.2672500000002405
2021-04-28 22:20:00,4194.1669999999995,-0.8630000000011933,0.8630000000011933,7.23240000000028
2021-04-28 22:30:00,4194.7075,0.540500000000975,0.540500000000975,6.808000000000357
2021-04-28 22:40:00,4192.9955,-1.7120000000004438,1.7120000000004438,6.243150000000378
2021-04-28 23:00:00,4195.5015,2.506000000000313,2.506000000000313,5.91672500000036
2021-04-28 23:10:00,4193.697,-1.8045000000001892,1.8045000000001892,5.694100000000344
2021-04-29 00:10:00,4200.024,6.3270000000002256,6.3270000000002256,5.642450000000326
2021-04-29 00:20:00,4197.9745,-2.04950000000008,2.04950000000008,4.838200000000325
2021-04-29 00:20:00,4199.2,1.2254999999995562,1.2254999999995562,4.573725000000332
2021-04-29 00:25:00,4198.1894999999995,-1.0105000000003201,1.0105000000003201,4.51350000000034
2021-04-29 00:30:00,4199.697,1.5075000000006185,1.5075000000006185,4.328425000000334
2021-04-29 00:40:00,4198.209,-1.4880000000002838,1.4880000000002838,4.2163250000003245
2021-04-29 00:55:00,4202.5015,4.292500000000473,4.292500000000473,3.7796000000003005
2021-04-29 01:05:00,4200.4895,-2.0120000000006257,2.0120000000006257,3.4290000000002694
2021-04-29 01:15:00,4205.503000000001,5.013500000000931,5.013500000000931,3.466975000000275
2021-04-29 01:25:00,4203.469999999999,-2.033000000001266,2.033000000001266,3.2821250000003603
2021-04-29 01:55:00,4211.2045,7.73450000000048,7.73450000000048,3.1087000000004084
2021-04-29 02:05:00,4208.2015,-3.0029999999997017,3.0029999999997017,2.8322000000003755
2021-04-29 02:10:00,4209.675499999999,1.4739999999992506,1.4739999999992506,2.7129000000003543
2021-04-29 02:15:00,4208.6939999999995,-0.981499999999869,0.981499999999869,2.5465250000003836
2021-04-29 02:20:00,4209.496999999999,0.8029999999998836,0.8029999999998836,2.419050000000334
2021-04-29 02:25:00,4208.4775,-1.0194999999994252,1.0194999999994252,2.4268750000002455
2021-04-29 02:35:00,4209.509,1.031500000000051,1.031500000000051,2.4514250000001994
2021-04-29 03:00:00,4206.6939999999995,-2.8150000000005093,2.8150000000005093,2.5065750000002027
2021-04-29 02:55:00,4208.2015,1.5075000000006185,1.5075000000006185,2.456650000000218
2021-04-29 03:10:00,4206.692499999999,-1.509000000000924,1.509000000000924,2.4418750000002545
2021-04-29 03:30:00,4208.2285,1.5360000000009677,1.5360000000009677,2.202325000000292
2021-04-29 03:45:00,4207.2029999999995,-1.0255000000006476,1.0255000000006476,2.15112500000032
2021-04-29 03:45:00,4207.6939999999995,0.49099999999998545,0.49099999999998545,2.114400000000342
2021-04-29 03:50:00,4206.197,-1.4969999999993888,1.4969999999993888,2.138725000000295
2021-04-29 04:15:00,4209.6745,3.4774999999999636,3.4774999999999636,2.2372250000002625
2021-04-29 04:20:00,4208.1685,-1.5060000000003129,1.5060000000003129,2.238125000000264
2021-04-29 04:25:00,4208.994,0.82549999999992,0.82549999999992,2.0647750000002363
2021-04-29 04:40:00,4206.6715,-2.322499999999309,2.322499999999309,2.0803000000001703
2021-04-29 04:50:00,4207.7075,1.0360000000000582,1.0360000000000582,1.8814250000001267
2021-04-29 05:00:00,4206.1894999999995,-1.5180000000009386,1.5180000000009386,1.8556750000001103
2021-04-29 05:05:00,4207.5045,1.3150000000005093,1.3150000000005093,1.5347000000001116
2021-04-29 05:15:00,4206.1775,-1.3270000000002256,1.3270000000002256,1.450900000000138
2021-04-29 05:25:00,4206.9955,0.818000000000211,0.818000000000211,1.418100000000186
2021-04-29 05:25:00,4206.1669999999995,-0.8285000000005311,0.8285000000005311,1.410450000000219
2021-04-29 05:30:00,4207.009,0.842000000000553,0.842000000000553,1.4124000000002526
2021-04-29 05:40:00,4206.191,-0.818000000000211,0.818000000000211,1.4023250000002918
2021-04-29 05:50:00,4208.706,2.5150000000003274,2.5150000000003274,1.4765000000003057
2021-04-29 06:10:00,4206.1685,-2.537500000000364,2.537500000000364,1.4626250000002983
2021-04-29 06:20:00,4208.2,2.031500000000051,2.031500000000051,1.4888250000002698
2021-04-29 06:25:00,4206.491,-1.7089999999998327,1.7089999999998327,1.4988250000002155
2021-04-29 06:35:00,4207.706,1.2150000000001455,1.2150000000001455,1.4827750000001743
2021-04-29 06:40:00,4206.1955,-1.5105000000003201,1.5105000000003201,1.507025000000158
2021-04-29 07:00:00,4210.7075,4.512000000000626,4.512000000000626,1.7080750000001899
2021-04-29 07:15:00,4206.973,-3.73450000000048,3.73450000000048,1.8199500000002444
2021-04-29 07:20:00,4208.7225,1.7494999999998981,1.7494999999998981,1.7335500000002413
2021-04-29 07:30:00,4206.996999999999,-1.7255000000004657,1.7255000000004657,1.7445250000002488
2021-04-29 07:35:00,4209.991,2.9940000000005966,2.9940000000005966,1.8529500000002828
2021-04-29 07:40:00,4207.1955,-2.7955000000001746,2.7955000000001746,1.876600000000326
2021-04-29 08:00:00,4214.7045,7.5090000000000146,7.5090000000000146,2.200250000000324
2021-04-29 08:10:00,4212.1715,-2.532999999999447,2.532999999999447,2.251000000000249
2021-04-29 08:10:00,4213.209,1.0374999999994543,1.0374999999994543,2.2371250000001965
2021-04-29 08:35:00,4210.17,-3.03899999999976,3.03899999999976,2.3227250000001733
2021-04-29 08:40:00,4211.7105,1.5405000000000655,1.5405000000000655,2.358850000000166
2021-04-29 08:40:00,4210.6669999999995,-1.0435000000006767,1.0435000000006767,2.3696000000001733
2021-04-29 08:45:00,4212.003000000001,1.3360000000011496,1.3360000000011496,2.394300000000203
2021-04-29 09:10:00,4209.9955,-2.0075000000006185,2.0075000000006185,2.453775000000223
2021-04-29 09:20:00,4211.5015,1.5060000000003129,1.5060000000003129,2.4033250000002226
2021-04-29 09:25:00,4210.1685,-1.3330000000005384,1.3330000000005384,2.3431000000002316
2021-04-29 09:40:00,4211.530000000001,1.3615000000008877,1.3615000000008877,2.309600000000273
2021-04-29 09:45:00,4210.697,-0.8330000000005384,0.8330000000005384,2.2658000000003087
2021-04-29 09:50:00,4212.5225,1.82549999999992,1.82549999999992,2.296325000000297
2021-04-29 10:00:00,4211.17,-1.3524999999999636,1.3524999999999636,2.2884250000002795
2021-04-29 10:15:00,4214.703,3.5330000000003565,3.5330000000003565,2.239475000000266
2021-04-29 10:20:00,4213.1669999999995,-1.5360000000009677,1.5360000000009677,2.1295500000002905
2021-04-29 10:30:00,4214.8815,1.7145000000009532,1.7145000000009532,2.127800000000343
2021-04-29 10:35:00,4213.9925,-0.8890000000001237,0.8890000000001237,2.085975000000326
2021-04-29 10:35:00,4215.7075,1.7150000000001455,1.7150000000001455,2.0220250000003035
2021-04-29 10:40:00,4214.190999999999,-1.5165000000015425,1.5165000000015425,1.9580750000003717
2021-04-29 10:45:00,4214.724,0.533000000001266,0.533000000001266,1.6092750000004343
2021-04-29 10:55:00,4212.476,-2.248000000000502,2.248000000000502,1.595025000000487
2021-04-29 11:05:00,4215.003,2.5270000000000437,2.5270000000000437,1.6695000000005167
2021-04-29 11:25:00,4212.1715,-2.8314999999993233,2.8314999999993233,1.6591250000004947
2021-04-29 11:30:00,4211.9985,-0.17300000000068394,0.17300000000068394,1.5907500000005257
2021-04-29 11:30:00,4213.506,1.5075000000006185,1.5075000000006185,1.6139500000005227
2021-04-29 11:40:00,4212.2045,-1.3015000000004875,1.3015000000004875,1.6122250000004896
2021-04-29 11:50:00,4213.7075,1.5030000000006112,1.5030000000006112,1.5870000000004894
2021-04-29 11:55:00,4211.4895,-2.2180000000007567,2.2180000000007567,1.6226000000005114
2021-04-29 12:10:00,4214.6984999999995,3.2089999999998327,3.2089999999998327,1.7164000000004762
2021-04-29 12:20:00,4212.994,-1.7044999999998254,1.7044999999998254,1.7335500000004231
2021-04-29 12:30:00,4215.5045,2.51050000000032,2.51050000000032,1.8174250000004122
2021-04-29 12:35:00,4213.1715,-2.332999999999629,2.332999999999629,1.8428000000003977
2021-04-29 12:40:00,4216.2,3.0284999999994398,3.0284999999994398,1.9266000000003713
2021-04-29 12:50:00,4214.6745,-1.525499999999738,1.525499999999738,1.8262250000003406
2021-04-29 13:00:00,4216.5015,1.8270000000002256,1.8270000000002256,1.8407750000003034
2021-04-29 13:05:00,4211.496999999999,-5.004500000000917,5.004500000000917,2.0052750000003017
2021-04-29 13:30:00,4218.994000000001,7.497000000001208,7.497000000001208,2.335675000000356
2021-04-29 13:35:00,4210.2015,-8.792500000000473,8.792500000000473,2.6895500000003723
2021-04-29 13:45:00,4214.6925,4.4909999999999854,4.4909999999999854,2.8382750000002943
2021-04-29 14:20:00,4198.494000000001,-16.198499999999513,16.198499999999513,3.6215500000002065
2021-04-29 14:20:00,4203.509,5.014999999999418,5.014999999999418,3.7599000000001523
2021-04-29 14:35:00,4189.7075,-13.801499999999578,13.801499999999578,4.3236250000001295
2021-04-29 14:40:00,4196.0,6.292499999999563,6.292499999999563,4.496675000000141
2021-04-29 14:45:00,4187.173,-8.827000000000226,8.827000000000226,4.929375000000118
2021-04-29 15:10:00,4200.503000000001,13.330000000000837,13.330000000000837,5.520500000000129
2021-04-29 15:20:00,4195.9685,-4.534500000000662,4.534500000000662,5.682150000000138
2021-04-29 15:25:00,4198.1955,2.2269999999998618,2.2269999999998618,5.7183500000001
2021-04-29 15:35:00,4191.6715,-6.5239999999994325,6.5239999999994325,5.933650000000034
2021-04-29 15:45:00,4195.209000000001,3.537500000000364,3.537500000000364,5.95007500000006
2021-04-29 16:05:00,4176.1939999999995,-19.015000000001237,19.015000000001237,6.815600000000131
2021-04-29 16:20:00,4184.5105,8.316500000000815,8.316500000000815,7.105900000000156
2021-04-29 16:25:00,4178.6685,-5.842000000000553,5.842000000000553,7.281350000000202
2021-04-29 16:50:00,4194.2315,15.563000000000102,15.563000000000102,7.9080750000002356
2021-04-29 17:05:00,4189.700000000001,-4.531499999999141,4.531499999999141,8.058375000000206
2021-04-29 17:20:00,4197.2045,7.504499999999098,7.504499999999098,8.34225000000015
2021-04-29 17:40:00,4193.1955,-4.0090000000000146,4.0090000000000146,8.292475000000104
2021-04-29 17:50:00,4200.0015,6.806000000000495,6.806000000000495,8.257925000000068
2021-04-29 17:55:00,4197.032999999999,-2.9685000000008586,2.9685000000008586,7.966725000000087
2021-04-29 18:20:00,4205.73,8.697000000000116,8.697000000000116,8.177025000000095
2021-04-29 18:25:00,4203.6669999999995,-2.063000000000102,2.063000000000102,7.4702500000001235
2021-04-29 18:45:00,4216.9985,13.331500000000233,13.331500000000233,7.886075000000164
2021-04-29 18:50:00,4210.6955,-6.302999999999884,6.302999999999884,7.51115000000018
2021-04-29 19:05:00,4216.710500000001,6.015000000001237,6.015000000001237,7.497275000000263
2021-04-29 19:30:00,4206.996999999999,-9.713500000001659,9.713500000001659,7.541600000000335
2021-04-29 19:45:00,4215.009,8.012000000000626,8.012000000000626,7.275700000000325
2021-04-29 19:55:00,4207.6985,-7.3104999999995925,7.3104999999995925,7.414500000000271
2021-04-29 20:00:00,4213.200000000001,5.501500000000306,5.501500000000306,7.578225000000293
2021-04-29 22:00:00,4207.6985,-5.501500000000306,5.501500000000306,7.5271000000003365
2021-04-29 22:00:00,4208.903,1.2044999999998254,1.2044999999998254,7.41045000000031
2021-04-29 22:10:00,4205.409,-3.4940000000005966,3.4940000000005966,6.634400000000278
2021-04-29 22:20:00,4207.7075,2.298500000000786,2.298500000000786,6.333500000000276
2021-04-29 22:35:00,4205.8745,-1.8330000000005384,1.8330000000005384,6.133050000000276
2021-04-29 22:40:00,4205.6745,-0.1999999999998181,0.1999999999998181,5.364900000000262
2021-04-29 22:40:00,4206.403,0.7285000000001673,0.7285000000001673,5.174750000000313
2021-04-29 22:45:00,4205.3775000000005,-1.025499999999738,1.025499999999738,4.850800000000345
2021-04-29 22:55:00,4206.9015,1.5239999999994325,1.5239999999994325,4.726550000000316
2021-04-29 23:10:00,4205.8685000000005,-1.032999999999447,1.032999999999447,4.437900000000264
2021-04-29 23:10:00,4206.7075,0.8389999999999418,0.8389999999999418,4.331425000000218
2021-04-29 23:15:00,4206.1985,-0.5090000000000146,0.5090000000000146,3.9220250000002124
2021-04-29 23:25:00,4208.2,2.001499999999396,2.001499999999396,3.9189500000001773
2021-04-29 23:40:00,4201.891,-6.3090000000001965,6.3090000000001965,3.5678250000001754
2021-04-29 23:45:00,4205.403,3.5120000000006257,3.5120000000006257,3.4282750000002125
2021-04-29 23:50:00,4203.1669999999995,-2.236000000000786,2.236000000000786,3.23932500000019
2021-04-30 00:00:00,4206.398499999999,3.231499999999869,3.231499999999869,2.9152250000001003
2021-04-30 00:10:00,4201.7075,-4.690999999998894,4.690999999998894,2.749175000000014
2021-04-30 00:25:00,4206.2075,4.5,4.5,2.608650000000034
2021-04-30 00:35:00,4204.373,-1.834500000000844,1.834500000000844,2.4253000000000613
2021-04-30 00:45:00,4205.7045,1.3315000000002328,1.3315000000002328,2.2168000000000574
